"","X","text","score","polarity"
"1",1," sukses pemerintahan presidenpembangunan infrastruktur dimana manakami berharap nya perbaikan pembangunan jalan desadusun indonesia dsn jln hancur",0,"Netral"
"2",2," tugas paspampres orang nomor indonesia kepala negara pemerintahan prosedurnya penjagaan",0,"Netral"
"3",3," sejatinya musuh nkri bkn yg ngeritikoposisitp pki gaya ",0,"Netral"
"4",4,"ketakutan pks relawan jokowi jakarta unjuk kekuatan terhitung relawan daerah pemerintahan efektif membawa kejayaan berlanjut tangan ",0,"Netral"
"5",5," udah dongok rasis fitnah aduh parah lu bong gimana orang yg foto lu bilang benci indonesia pemerintahan jokowi berseberangan dgn pemerintah negara demokrasi berbeda emang cebong burik gak otak",0,"Netral"
"6",6,"alasan bergabung pemerintahan persatuan nasional pemimpin tanggung menjaga perpecahan anak bangsa video lengkap ",-1,"Negatif"
"7",7," menyangka jokowi diatur dijadikan boneka anggap pengalaman jokowi pemerintahan renda pemikiran maju wakil presiden menjalaka pemerintahan diatur jokowi",0,"Netral"
"8",8," kisah naruto bersambung pemerintahan jokowi ",0,"Netral"
"9",9,"pemerintahan presiden joko widodo memikirkan langkah terbaik permasalahan ",0,"Netral"
"10",10," gak bawa orang yg mencintai negara lu tau imigran yaman yg benci indonesia pemerintahan jokowi dasar kadal buduk lu ",0,"Netral"
"11",11," keren presiden jokowi masyarakat mendukung kinerja pemerintahan jokowi ",0,"Netral"
"13",13," intinya opisisi kader pks inidi jaman pemerintahan jokowi ndak berkutikrencana politik ndak berjalan mulusmangkanya benci banget ama jokowi",0,"Netral"
"14",14," pemerintahan jokowi blm berhenti ekspor kebohongan ",0,"Netral"
"16",16," demokrasi versi gitu pendapat yg benci pemerintah yg gak membenci pemerintah musuhi yg menilai pemerintahan yg terbaik ngamuk",0,"Netral"
"17",17,"sukses rekrut anak muda pemerintahan jokowi dinilai pandai potensi ",0,"Netral"
"18",18," mafia yg diberantas jokowi antri utk menguasai pemerintahan semoga sampean faham dgn situasi ",0,"Netral"
"20",20,"enak ya jd pejabat pemerintahan jokowi biar produknya laku negara suruh ngasih subsidi utk pembelian motor listrik ",0,"Netral"
"21",21,"nggak ngaruh berucap relawanpendukung bawahan pemerintahan dikepalai jokowi ",0,"Netral"
"22",22,"komite palang merah internasional mengapresiasi pemerintahan indonesia mantap jokowi hebat ",2,"Positif"
"23",23,"dukung program kebijakan pemerintahan presiden jokowi mempermudah layanan akses ",0,"Netral"
"24",24," indah bangga pemerintahan jokowi ",0,"Netral"
"25",25,"apresiasi kinerja pemerintahan presiden jokowi terbaik hadir mendukung ",0,"Netral"
"26",26,"keberanian jokowi tarik anak muda bawa efek positif pemerintahan ",0,"Netral"
"27",27," kemelut imb gereja damai kristus alhamdulillah selesai tangan gubernur yg diselesaikan gub gak enak minoritas pemerintahan insyaallah ",-1,"Negatif"
"28",28,"mantap dukung program kebijakan pemerintahan presiden jokowi ",0,"Netral"
"29",29,"mari dukung pemerintahan jokowi terbukti masyarakat ",0,"Netral"
"30",30," dasar kadrun belatung lu dongok ngegas namanya utangpinjanan bunganya drun emang kubilang junjunganmu sby tdk bayar bunga yg wariskan utang rp t pemerintahan jokowi yg wajib dibayar bunganya",0,"Netral"
"31",31,"infrastruktur indonesia maju pemerintahan jokowi mantap jokowi ",1,"Positif"
"32",32,"bukti kepedulian pemerintahan jokowi masyarakat indonesia ",0,"Netral"
"33",33,"mayoritas masyarakat mengapresiasi kinerja pemerintahan jokowi ",0,"Netral"
"34",34," hahahahahaha pemerintahan gagal zaman sby sby jokowi ",1,"Positif"
"35",35," lu yg skr lingkaran pemerintahan jokowi nagawakakak lu hidung jokowi naga suka anies presiden ",0,"Netral"
"36",36,"tragedi nanggala menipiskan kans yudo margono panglima tni november yudo digadanggadang panglima angkatan laut pemerintahan jokowi ",0,"Netral"
"37",37," urusanmu urusanku mikir masuk kakbah masuk pemerintahan jokowi masuk memperjuangkan harapan memperjuangkan pemimpin antitesa jokowi",0,"Netral"
"38",38," bpk presiden mohon diundang menemui bpk penyelesaian khusus nasabah jiwasraya penyelesaian restrukturisasi abai resiko hukum resiko reputasi merugikan pemerintahan indonesia maju mr admin terimakasih",0,"Netral"
"39",39,"presiden joko widodo jokowi jajaran pemerintahan mempersulit proses penanaman modal investor ",-1,"Negatif"
"40",40," keren presiden jokowi anak anak daerah mendukung kinerja pemerintahan jokowi ",0,"Netral"
"42",42,"miskin skandal jiwasraya pemerintahan kpk kuat gak mengungkap kpk ngapain aja perampok jiwasraya aman terungkap era presiden jokowi ",0,"Netral"
"43",43,"jos laah pemerintahan jokowi mah ",0,"Netral"
"44",44," langkah nyata pemerintahan presiden jokowi kedaulatan energi ditangan negeri hilirisasi bahan tambang nikel berlanjut ",0,"Netral"
"46",46," penyataan sikapnya tbbr mendukung penuh pembangunan ikn kaltim mendukung kegiatan pemerintahan presiden jokowi menjaga membela nkri indonesia berharkat bermartabat",0,"Netral"
"47",47," yg ngutang pas pemerintahan jokowi gimana bos",0,"Netral"
"48",48,"pemerintahan presiden jokowi menerima masukan apapun kemajuan indonesia ",0,"Netral"
"49",49,"kereen bange jokowi semoga indonesia seakin maju tangan pemerintahan jokowi ",0,"Netral"
"50",50,"presiden jokowi kawasan inti pusat pemerintahan ikn dibangun ",0,"Netral"
"51",51,"pemerintahan presiden jokowi terbaik masyarakat bangga presiden jokowi ",0,"Netral"
"52",52," yg suka mengeluarkan kata kasar menentang pemerintahan yg sah",0,"Netral"
"53",53,"food estate gagal mulu kegagalan menerus pemerintahan soeharto ",0,"Netral"
"54",54,"jempol pemerintahan presiden jokowi jaga iklim ekonomi stabil ",0,"Netral"
"55",55,"tahukah bahagia nya rakyat cerita aslinya merasakan manfaatnya keputusan pemerintahan hujat habishabisan ",0,"Netral"
"56",56," masjid tin tmii yayg selesai direnovasi pemerintahan jokowi ya ",0,"Netral"
"58",58," bani kadrun presiden taring tanduknya sikat habis bani kadrun penyusup pemerintahan sabar diamkan amannya pemilu menyelesaikan proyek selesai ",0,"Netral"
"59",59," kakek mengikuti program kampanye jokowi yg ngga senang dgn penyaluran blt pemerintahan sby",0,"Netral"
"60",60,"ngaku nye anti pemerintahan jokowi kasi layanan beliau udah nyembah tuhan wkwk manusia manusia",0,"Netral"
"61",61,"bukti keberhasilan pemerintahan presiden jokowi ",0,"Netral"
"62",62,"kereen banget jokowi semoga indonesia seakin maju tangan pemerintahan jokowi ",0,"Netral"
"64",64," penyataan sikapnya tbbr mendukung penuh pembangunan ikn kaltim mendukung kegiatan pemerintahan presiden jokowi menjaga membela nkri indonesia berharkat bermartabat ",0,"Netral"
"65",65,"presiden jokowi menghimbau pemerintah menginisiasi terobosan meningkatkan penggunaan produk belanja negeri ",0,"Netral"
"66",66,"survey terbaru mayoritas masyarakat mengapresiasi kinerja pemerintahan jokowi ",0,"Netral"
"67",67,"nahapa ga khawatir investor yg melanjutkan pemerintahan jokowi tak anies menang sdh dipegang oligar ",0,"Netral"
"68",68," anak buah nya si denny siregar yg bener wkwk share nya klo ga anis yaa banjir jkt pemerintahan jokowi amburadul kaga yg komen haha",0,"Netral"
"69",69,"pemerintahan jokowi keren banget ",1,"Positif"
"70",70," ikutan wakil presiden pemerintahan jokowi wakil presiden periode nak",-1,"Negatif"
"71",71," hallah benbendi posisimu digaji rakyat yg bayar jokowi benngomong ngalor ngidul bilang lawannya yg kalah pilpres prabowo maksudmu tuh orangnya udah pemerintahan ",0,"Netral"
"72",72," arahan jokowi tingkatkan produk lokal ",0,"Netral"
"73",73," relawan tinggalkan jokowi jabatan selesai relawan mengawal program jokowi dgn memilih pemimpin kedepan yg meneruskan program pemerintahan jokowi",0,"Netral"
"74",74,"permintaan tempur lawan oposisi benny rhamdani diartikan cambuk pemerintahan presiden jokowi ",0,"Netral"
"75",75," klo gue mah penonton yg senang kepanasan periode pemerintahan jokowi ",0,"Netral"
"76",76," sih perekonomian manut pemerintahan jokowi bu sri mulyani menjabat direktur pelaksana bank dunia inflasi indonesia relatif moderat indonesia ",0,"Netral"
"77",77,"panglima jilah pastikan pasukan merah suku dayak kawal jokowi komando ",0,"Netral"
"78",78,"tbbr mendukung kegiatan pemerintahan presiden jokowi ",0,"Netral"
"79",79," jg kpd musni umar tdk yg pemerintahan jokowi",0,"Netral"
"80",80," percaya pemerintahan indonesia dibawah komunis gaya memaksakan vacsin covid lawan lawan lawan dilawan dilawan vacsin mencegah vacsin pembunuh ",0,"Netral"
"81",81," pidato jokowi jokowi tdk memiliki kepercayaan menunjukan kesalahan kegagalan dlm menjalankan pemerintahan pendukung jokowi menyebut jkw dg sebutan jokodok ",0,"Netral"
"82",82," sd sich dah ga kepakai ngomongnya ya pemerintahan bosnya orang spt jokowi laku sdh taulah orang dg beliau",-1,"Negatif"
"83",83," gara pemerintah larang organisasi tp pengikutnya dibiarkan kalo sy kritik pemerintahan jokowi tdk thd hukum memble pd jargon revolusi mental",0,"Netral"
"84",84," gempa cianjur disadarkan sesar aktif jabar membahayakan pemerintahan pusat jakarta gempa kota kalimantan solusinya",0,"Netral"
"85",85,"jokowi memimpin rapat terbatas membahas perkembangan hukum pidana disepakati rapat paripurna pemerintahan dpr ",0,"Netral"
"86",86," direncanakan disiapkan tito langgar uu era jokowi bro nomor sj melanggar pasal ayat uu administrasi pemerintahan melarang pj kepala daerah kebijakan kepegawaian",0,"Netral"
"87",87," pendukung anies orangnya anies pemerintahan jokowi dihentikan berdasarkan konstitusi negara tap mpr ri presiden disukai rakyat silakan mundur",-1,"Negatif"
"88",88," gubernur bonekamisinya ngorak arik tata pemerintahan dkijangan mbawa misi jokowi",0,"Netral"
"89",89,"benardan utang warisan sby yg mengunung kebanyakan korupsi sby croninyatapi beda fungsi pemerintahan presiden jokowi peruntukan dgn pembangunan yg masifprestasi yg pecundang politik yg buta mengetahuinya ",0,"Netral"
"90",90," jokowi digempur habisan dri hasil bumi indonesia dr digempur habisan rakyat urusan receh sdah rahasia bohir kepentingannya mempertahankan kekayaaan indonesia salut pemerintahan jokowi",0,"Netral"
"91",91,"masjid bernuansa hindu dibangun pemerintahan r tumenggung sosro kusumo m bupati nganjuk masjid nama almubarok ",0,"Netral"
"92",92," orang kalimantan adu domba mendukung pemerintahan sah jaga tanah leluhur ",-1,"Negatif"
"93",93," pemimpin mengelola pemerintahan kriteria kinerja visi program yg dicapai main ganti alasan personal beda kualitas pa anies pj gubernur heru yg jokowi iran england senegal ",0,"Netral"
"94",94,"pemerintahan yg gagal era jokowi rupiah rb ribuan anjok ribu ",0,"Netral"
"95",95," pemerintahan yg gagal era jokowi rupiah rb ribuan anjok ribu ",0,"Netral"
"96",96,"proficiat pemerintahan betapa bangganya korbandipenjara pencemaran nama pledoi bagus hakim diduga bela membayar terdakwa maaf ",0,"Netral"
"97",97," x pemberontakan pki yg merongrong negara pengaruhnya pemerintahan jokowi bela dukung payung hukum tap mpr yg melarang pki pemberontakan ditii dimasa silam ditarik ra dijadikan dasar islamophobia ",0,"Netral"
"98",98," kalo berpolitik jgn pake perasaan bro jdinya ga tenang hidup yg duduk pemerintahan ketawa ketiwi lo sakit hati ",0,"Netral"
"99",99,"presiden joko widodo jokowi pembangunan gedung pemerintahan kementerian istana negara ikn nusantara kalimantan timur desember ",0,"Netral"
"100",100," agustinus menyebut pasukan merah berkomitmen mendukung mengawal penuh bentuk kebijakan era pemerintahan presiden jokowi",0,"Netral"
"101",101,"bri tercatat mencatatkan kinerja positif capaian pertumbuhan kredit segmen mikro year year yoy kuartal iii peningkatan kredit mikro pengungkit perekrutan pemerintahan jokowi gas pol pemulihan ekonomi ",1,"Positif"
"102",102," kurnia ramadhana llb indonesia corruption watch icw pendukung jokowi isi kursi kabinet komisaris bumn pemerintahan jokowi dibayangi konflik kepentingan menjadikan pintu masuk tindak pidana korupsi ",0,"Netral"
"103",103," maaf sih pemerintahan jokowi",0,"Netral"
"104",104," emang ga menerjemahkan jk jokowi ga didikte jk jaman pemerintahan sby jk istilah matahari kembar sby kalah pamor kalah mengambil kebijakan jk periode ganti wapres",0,"Netral"
"105",105,"ketua dpp pkb membantah jokowi masuk fase bebek lumpuh menurutnya jokowi kendalikan penuh pemerintahan ",0,"Netral"
"106",106," yg beni benarnya koq menyerang pemerintahan gak suka karna atm tutup jokowi yg sikat hartanya karna korupsi karna gak bayar utang negara contoh lumpur lapindo",0,"Netral"
"107",107,"jokowi korpri inovatif terapkan egovernment ",0,"Netral"
"108",108," esemka proyek warisan sby yg eksekusi presiden jokowi jd bkn ambisi presiden jokowi presiden jkw yg berupaya menyelamatkan proyek ambisius yg diwariskan pemerintahan ",0,"Netral"
"109",109," utk sakit hati coba kasih paham gerombolan perongrong pemerintahan jokowi dengarkan antum",0,"Netral"
"110",110,"jokowi disarankan lontarkan pernyataan bikin baper ",0,"Netral"
"111",111,"presiden jokowi ajukan ksal yudo calon panglima tni dpr rotasimatra ",0,"Netral"
"112",112," pemerintahan jokowi kkbopm papua brutal melanggar ham berat fakta karna dr hasil penelitian independen gtp ugm mencatat korban kekerasan kkbopm sa yg selesaikan ",0,"Netral"
"113",113," gebrakan pemerintahan jokowi emang bikin oposisi dongok kepanasan ",0,"Netral"
"114",114," said orang partai jg pengamat politik pemerintahan anggota legislatif kapasitas situ komentar jokowi relawan pdip aneh aja ngundang narasumber nggak relevan",0,"Netral"
"115",115,"lasarus puji jokowi temu akbar pasukan merah ",0,"Netral"
"116",116,"ara puji kepercayaan jokowi kemampuan anak muda ",0,"Netral"
"117",117,"masyarakat puas kinerja pemerintahan jokowi ",0,"Netral"
"118",118," lantang benci pemerintah emang bayar bohir utk anjing piaraan biarbgonggong tujuan bohir yg sakit hati krn pemerintahan jokowi bohir ga berkutiksihingga pake manusia bodoh ",0,"Netral"
"119",119,"pernyataan panglima jilah pimpin sumpah dayak dukung pancasila nkri uud mendukung pembangunan ikn mendukung pemerintahan presiden jokowi ",0,"Netral"
"120",120,"maksudnya siy males baca berita org tu orang anti jokowi orang tu dah nomer pemerintahan dah mo abis jabatannya yg orang antijokowi jegal biar gabisa capres yg ente provokator pemecah belah ",0,"Netral"
"121",121," gubernur merespons arahannya kepolisian salah tugas gubernur wakil pemerintahan wilayah presiden mikirnya indonesia berbedabeda",0,"Netral"
"122",122,"jokowi restu masyarakat dayak bangun ikn ",0,"Netral"
"123",123,"survei charta politika kepuasan pemerintahan jokowimaruf capai persen ",0,"Netral"
"124",124," demokrasi demo tujuannya gulingin pemerintahan yg sah namanya makar demo yg gk dilarang demokrasi kali demo turunin presiden arah makar drun sang",0,"Netral"
"125",125," darimana gerombolan kadrun sungsang cari celah gulingin pemerintahan yg sah skg lengah aja udah dikudeta kalo org sungsang anggap aja ",0,"Netral"
"126",126," maju indonesia sperti tahun kemarin penuh bom bunuh khilafah prtemuan akbar mana khilafah masuk sgala sendi pemerintahan kampus alhamdulillah jokowi bom bunuh ",-1,"Negatif"
"127",127," sensi kali la demokrasi meraka bilang terserah pemerintahan jalan kuat donk tipis na",0,"Netral"
"128",128," ganggu jalannya pemerintahan blgmya parno demo turun drun sang kalo gk suka pemerintahan skg jgn hidup subsidi pemerintah nkri tar gerombolan kadrun berkuasa nkri",0,"Netral"
"129",129,"masyarakat apresiasi kinerja pemerintahan jokowi ",1,"Positif"
"130",130," bahasa lu ketinggian bong gk ush bawa bawa keadilan kalo selagi pemerintahan skrg blm lengser gk ad namanya keadilan gitu aja gk paham upgrade dkit otak lu bani cebong",0,"Netral"
"131",131," wilayah pemerintahan jokowi lucunya",0,"Netral"
"132",132," zaman orba keleluasaan untuknya beruntung pemerintahan jokowi sabar hati",1,"Positif"
"133",133," iya nasdem mengusung malaslah sebutkan calonya rakyat perubahan lihat pemerintahan jokowi maruf beliau memimpin indonesia baikah indonesia ",0,"Netral"
"134",134," postingan klu ibukota keluarga mati kelaparanmulutmu menyemburkan kebohongan fitnah terusanda memfitnah pemerintahan tolong aparat tangkap aki suka memfitnah ",0,"Netral"
"137",137," mengembangkan sikap berseberangan pemerintahan arsul sani ",0,"Netral"
"138",138,"masyarakat mengapresiasi kinerja pemerintahan presiden jokowi ",0,"Netral"
"139",139,"mayoritas masyarakat puas kinerja pemerintahan presiden jokowi ",0,"Netral"
"140",140,"atasi badai phk pemerintahan jokowi lakukan intesifintesif ",0,"Netral"
"141",141,"survei mayoritas masyarakat mengapresiasi kinerja pemerintahan jokowi ",0,"Netral"
"143",143," mantap jokowi kerja keras membuahkan hasil nyata pemerintahan jokowi lanjutkan ",0,"Netral"
"156",156,"kerja keras hasil nyata pemerintahan jokowi mantap ",0,"Netral"
"157",157," pemerintahan era presiden jokowi ",0,"Netral"
"160",160," peringatan yg cobacoba merongrong pemerintahan yg sah jokowi diam rakyat yg sillent majority tdk diam presiden diperlakukan tdk selayaknya",0,"Netral"
"161",161," pemerintahan yg bebas dri oligarki organisasi terkecil kluarga oligarki bro simplex oligarki tergantung hasil ",0,"Netral"
"162",162,"pemerintahan jokowi hebat membagun infrastruktur kemajuan bangsa indonesia ",0,"Netral"
"163",163,"pemerintahan jokowi membantu masyarakat indonesia ",0,"Netral"
"164",164," presiden pembangunan gedung pemerintahan kementerian istana kepresidenan wakil presiden ",0,"Netral"
"165",165," orang pecatan jokowi tau klo dipertahankan pemerintahan jd duri alias musuh dlm selimut serigala berbulu domba",0,"Netral"
"167",167," dana desa th jaman jokowi uu desa disahkan pemerintahan sby didesak rakyat apdesi parade nusantara dll inisiator uu desa adlah dpr",0,"Netral"
"168",168,"pengembangan kawasan ekonomi khusus indonesia salah target utama pemerintahan jokowi masuk program nawacita ",0,"Netral"
"170",170,"mantap kerja keras hasil nyata pemerintahan jokowi ",0,"Netral"
"172",172,"mantap jokowi kerja keras membuahkan hasil nyata pemerintahan jokowi lanjutkan ",0,"Netral"
"173",173," pemerintahan jokowi membungkam hak demokrasi",0,"Netral"
"174",174," faktanya fitnah semburan hoax lancarkan kpd pemerintahan jokowi yg sakit hati akut ",0,"Netral"
"175",175,"hasil survei charta politika koresponden puas kinerja pemerintahan presiden jokowi ",0,"Netral"
"176",176," permintaan suku dayak dayak center ditentukan lokasinya presiden jokowi presiden pembangunan gedung pemerintahan kementerian istana kepresidenan wakil presiden ",0,"Netral"
"177",177," ngak yg salah mendukung pemerintahan jokowi purna tugas selesai dukungannya dukungan beralih pemimpin ndak yg spesial wajar lumrah si nol aza yg bubungulan kd faham bahasa satire",0,"Netral"
"178",178," negara lembek banget ya menghadapi orang intoleran penuh kebencian salah kelemahan pemerintahan jokowi penegakan hukumnya lemah",0,"Netral"
"179",179,"mantap pemerintahan jokowi terbaik ",0,"Netral"
"181",181," diikutkan singapura brunei indonesia dibawah median negara asean pemerintahan kenaikan gaji rendah dibanding era sby kenaikan gaji pns x era jokowi smntr era sby ",0,"Netral"
"182",182," substansi perhelatan massa utk koalisi rakyat jokowi seh presiden ri bentindak sebgaai kepala negara kepala pemerintahan kepala negara mengayomi elemen rakyat beliau ketua partai substansix ",0,"Netral"
"183",183," manusia takut pemerintahan jokowi menyerang negara merampok maling uang negara uang rakyat indonesia kt lirik lagu iwan fals bangzat ",0,"Netral"
"187",187,"survei terbaru mayoritas masyarakat mengapresiasi kinerja pemerintahan jokowi ",0,"Netral"
"190",190,"masyarakat mengapresiasi kinerja pemerintahan jokowi ",0,"Netral"
"192",192," brrti kementrian agama gak agama indonesia mayoritas muslim proyek kementrian agama muslim contohnya kemana dana haji yg pake pemerintahan jokowi loe komen komen gw ahok bahas kitab agama ",0,"Netral"
"193",193,"berpikirnya jgn krn skrg pemerintahan jokowi mgkn pemerintahnya pilihanmu kebijakan pemerintah yg pilih diintervensi oligarki profesi mending kl utk kepentingan rakyat utk circle nya pake ngancam mogok bahaya ",0,"Netral"
"194",194," miris sekalibanyak pejabat pemerintahan jokowi provokatorcontohnya orang video dirut bumn terang terangan buzzerpmereka digaji pake rakyat jokowi netral menjaga mulut",0,"Netral"
"195",195,"mantap mayoritas masyarakat apresiasi kinerja pemerintahan jokowi ",1,"Positif"
"197",197," zaman pemerintah jokowi maruf buzzer biarkan kebal hukum orang mengkritik pemerintahan jokowi maruf cap kadrun buzzer gimana indonesia berubah ",0,"Netral"
"201",201,"mayoritas masyarakat mengapresiasi kinerja pemerintahan jokowi bukti keberhasilan pemerintah ",0,"Netral"
"202",202,"masyarakat mengapresiasi kinerja pemerintahan jokowi dukung program pemerintah ",0,"Netral"
"203",203,"kiprah menteri bumn pemerintahan presiden jokowi sukses menangani pandemi berhasil transformasi bumn berantas korupsi garuda jiwasraya sukses perhelatan ktt g kepercayaan presiden erick thohir ",0,"Netral"
"204",204,"pendapat politisi senior pdip panda nababan menteri andalan dipercaya presiden menangani urusan pemerintahan urusan keluarga jokowi ",0,"Netral"
"207",207,"indonesia maju pemerintahan jokowi ",0,"Netral"
"208",208,"mantap masyarakat mengapresiasi kinerja pemerintahan jokowi menstabilkan kondisi keamanan nasional ",0,"Netral"
"209",209,"mayoritas masyarakat apresiasi kinerja pemerintahan jokowi bangga mendukung infrastruktur presiden jokowi membantu mantap ",1,"Positif"
"217",217,"kinerja pemerintahan jokowi tebraik ",0,"Netral"
"218",218,"pemerintahan jokowi bahu membahu membantu masyarakat cianjur ",0,"Netral"
"219",219,"pemerintahan jokowi meredam penyesuaian harga pangan ",0,"Netral"
"220",220,"survei terbaru mayoritas masyarakat mengapresiasi kinerja pemerintahan jokowi terbaiklah ",0,"Netral"
"221",221,"dukung pemerintahan jokowi ",0,"Netral"
"224",224,"presiden jokowi kawasan inti pemerintahan ikn dibangun mendukung penuh ",0,"Netral"
"225",225,"pemerintahan jokowi keras meningkatkan taraf hidup rakyat ",0,"Netral"
"227",227," warga negara indonesia bersyukur pemerintahan hadir rakyat indonesia dunia maya ",0,"Netral"
"232",232,"dibawah pemerintahan jokowi indonesia maju ",0,"Netral"
"233",233,"jokowi berhasil memeberikan soslusi terbaik pemerintahan ",0,"Netral"
"237",237," emang kondisi rezim pemerintahan kek skg kudu orang kek jang ",0,"Netral"
"238",238," contoh kadrun pekok ibadah muasin nafsu duniawi klo nggak suka dng pemerintahan pjokowi tinggal pindah kewarganegaraan dr sakit hati ",0,"Netral"
"243",243,"survey terbaru mayoritas masyarakat mengapresiasi kinerja pemerintahan jokowi sulawesi selatan ",0,"Netral"
"245",245,"iya yaa persis pengamat dekade pemerintahan gub ganjar pranowo beliau cenderung membangun kebutuhan dasar masyarakat jateng jalan desa pasar waduk dst yg pilihan pres jokowi pemimpin rakyat ",0,"Netral"
"247",247," merorong pemerintahan jokowi keturunan asing arab bersatu merebut kekuasaan pribumi politik agama hoax penipuan teror fitnah pribumi asli dibelakang ",0,"Netral"
"252",252,"pemerintahan jokowi berhasil kontrol infoasi ekonomi ",0,"Netral"
"258",258,"masyarakat apresiasi kinerja pemerintahan presiden jokowi ",1,"Positif"
"259",259,"transformasi digital pilar pilar infrastruktur pilar vertikal masyarakat digital pemerintahan digital ekonomi digital ",0,"Netral"
"260",260,"panglima jilah pimpin sumpah dayak dukung pancasila nkri uud mendukung pembangunan ikn mendukung pemerintahan presiden jokowi ",0,"Netral"
"261",261,"angka rp triliun dibandingkan pemerintahan presiden jokowi mei ",0,"Netral"
"262",262,"jokowi mengalami karir jabatan pemerintahan mus gerombolan elu melakkukan semuasantai ",0,"Netral"
"263",263," era pemerintahan jokowi bpmi menempatkan pmi duta negara apresiasi pmi ",1,"Positif"
"264",264," presiden jokowi peduli nasib pmi cuman era pemerintahan pmi dijadikan pahlawan devisa warga vvip jg tdk terlepas kinerja kepala bpmi bp ",0,"Netral"
"265",265," pemerintahan jokowi blue halo s indonesia sehatkan sejahterakan masyarakat pesisir ",0,"Netral"
"266",266," indonesia mesin yg fresh sdh selesai diperbaiki kerusakannya sdh utk menjalankan roda pemerintahan dgn jgn mesin rusak salah memilih presiden knp jokowi terlibat kampanye pemilu ",1,"Positif"
"267",267," tempo menarik jokowi kepala negara kepala relawan kenyataanya pendukung calonya kalah perlawanan pemerintahan terognisir kelompok berupaya menyerang pemerintah menjatuhkan",0,"Netral"
"268",268," pemerintahan jokowi pecat eeeeehh capres ente kadang kadang ente",0,"Netral"
"269",269,"keberhasilan pemerintahan presiden jokowi jalan berdampak nyata nasionalisme perpecahan bangsa apakabar revolusi mental ",0,"Netral"
"270",270,"pemerintahan presiden jokowi gas poll pemerataan ekonomi provinsi papua dana apbn ",0,"Netral"
"271",271,"said relawan jerumuskan jokowi ",0,"Netral"
"272",272," program tv digital dipersiapkan era sby menteri kominfonya pks yg melanjutkan yg diputuslan pemerintahan ",0,"Netral"
"273",273," salah proyek pemerintahan sby yg tuntas diselesaikan lha sewotnya jokowi ",-1,"Negatif"
"274",274," caci maki hobimu jga caci maki caci maki jokowi negeri pemerintahan negeri iniumumnya yg demo palestina orang yg yg suka tereak caci maki jokowi pemerintahan ",0,"Netral"
"275",275," bangsa pengecut gerombolan pengacau berbalut agama yg salah rakyat pemerintahan indonesia ",0,"Netral"
"276",276," coba evaluasi pemerintahan jokowi periode demonstrasi disimak pakai otak isi orasi tulisan poster posternya demo efek regulasi kebijakan pemerintah memenuhi keadilan didemo kabur paham ",-1,"Negatif"
"277",277," prreeetttbelum dipilih ya dah trpilih gak ngelanjutin program proyek pemerintahan pk jokowi lihat sj contohnya mnjabat gubdkiprogram gubsebelumnya yg bagus jg dilanjutkan anies anti tesis jokowiitu anies",2,"Positif"
"278",278," nahente faham gak sih omongan yg bicara dngn kalo ade serangan hoax pitnah domba pemerintahan iniape diem ape iye perang nalar nye pake nape coba berdamai dlu",0,"Netral"
"279",279," pinter pilihan tua tibalu tua guoblokk yg gak suka dgn tata kelola pemerintahan jokowi lu anggap kadrun mendoakan krn nyaman mesti ",0,"Netral"
"280",280,"pengamat politik peneliti senior surabaya survey center ssc surokim abdussalam menteri andalan dipercaya presiden menangani urusan pemerintahan urusan keluarga jokowi ",0,"Netral"
"281",281,"kualifikasi ketua paguyuban kepala pemerintahan kepala negara ",0,"Netral"
"282",282," jaman pemerintahan jokowi pro pemerintah oposisi jaman jokowi rubah pro pemerintah pembenci pemerintah",0,"Netral"
"283",283," pemerintahan pemecah belah anjing korpri mendidik kegarangan mulut anjing ",-1,"Negatif"
"284",284," muspidanya kecuali militer support terselubung intoleransi gimana spt dilevel pemerintahan ",0,"Netral"
"285",285,"survei terbaru indikator politik indonesia ipi mayoritas masyarakat indonesia mengapresiasi kinerja pemerintahan jokowi menstabilkan ekonomi keamanan nasional rans entertainment bye bye ",0,"Netral"
"288",288," fahri hamzah sadar pemerintahan jokowi fh mencibir pembangunan tol trans jawa sumatera bandara pelabuhan bendungan kawasan industri peningkatan daya listrik ka cepatdouble track ikn gak gempa tmii bali masjid istiqlal internet dll ",0,"Netral"
"289",289,"kadrun buzzerp nies sakit hati iri berpikir relawan jokowi pecah kongsi relawan jokowi solid kompak mengawal pemerintahan presiden jokowi ",0,"Netral"
"290",290," kyanya bang benny mewakili relawan jokowi nya jokowi menegurnyabukan mlah mendiamkan ngoceh perang bang benny kayanya misi didlm pemerintahan jokowi",-1,"Negatif"
"291",291," parah hasil kerja pemerintahan jokowi ",1,"Positif"
"292",292," pemerintahan dipilih krn janji trus janji lu emang sih",0,"Netral"
"293",293,"pengembangan kawasan ekonomi khusus kek indonesia salah target utama pemerintahan jokowi ",0,"Netral"
"295",295,"salah target utama pemerintahan jokowi pengembangan kawasan ekonomi khusus kek ",0,"Netral"
"296",296,"pengembangan kek salah target utama pemerintahan jokowi pemerataan pertumbuhan ekonomi ",0,"Netral"
"297",297," pembangunan rakyat pemerintahan jokowi kebijakan bbm harga masyarakat daerah t terdepanterluar tertinggal jawa menikmati harga bbm pulau jawa keadilan sosial rakyat indonesia terwujud",0,"Netral"
"298",298," provinsi papua perhatian utama pemerintahan presiden provinsi provinsi membutuhkan perhatian khusus dibandingkan daerah indonesia",0,"Netral"
"301",301,"pemerintahan presiden jokowi keren ",1,"Positif"
"302",302," halah loh subjective sibuk nyinyirin pemerintahan jokowi ga loh kritik anies hypocrite ",0,"Netral"
"303",303,"gedung among tani kota batu pusat pemerintahan kota batu warga kota batu tppjatim ",0,"Netral"
"304",304," lansia nih th loh kementerian kesehatan pemerintahan jokowi lawan pandwmi nggak booster th ",0,"Netral"
"305",305," ketahuankelicikan orang inidi dia didalam pemerintahan tpi main mata dgn kaum oposisi",0,"Netral"
"306",306," sejatinya musuh nkri bkn yg ngeritikoposisitp pki gaya rachmawati soekarno megawati bangkitkan komunis sumber kekacauan negara ",0,"Netral"
"307",307," sejatinya musuh pemerintah nkri bkn yg ngeritik oposisitapi pki gaya rachmawati soekarno megawati bangkitkan komunis sumber kekacauan negara ",0,"Netral"
"308",308," maksudnya ajak perang yg sependapat pemerintahan jokowi ya",-1,"Negatif"
"309",309," dl prnh dgr kl ormas bubarkan ganti nama yg sy denger dr warung kopi bener jgdibubarkan ttp singkatan sm pemerintahan menkopolhukam tdk berdaya dgn ormas inikasihan dgb negara jkw sm ormas kewalahan ketuanya bebaskan",0,"Netral"
"310",310," nkri adl negara hukum adl presiden beliau berkewajiban dukung penegakkan hukum pandang bulu presiden adl kepala negara kepala pemerintahan pemimpin tertinggi angkatan bersenjata kepolisian nkri yg berazas hukum berkeadilan",0,"Netral"
"311",311," sejarah dunia international mencatat pemerintahan nkri ",0,"Netral"
"312",312,"masyarakat paham yg pemerintahan legislatif yudikatif kepolisian tentara jaman jokowi islam satunya penangkal pengkhianat dlm sikon yg maksimal tdk berkutik menunggu kematian ",0,"Netral"
"313",313," situ heran acaranya raffi ahmad digemari masyarakat heran lg guebanyak kadrun indonesia yg gemar menghujat mengolokolok pemerintahan jokowisedangkan kadrun tsb hidup mencari makan wilayah pemerintahannya jokowi",0,"Netral"
"314",314," prabowo bergabung pemerintahan mendukung jokowi selesai pilpres vulgar ketahuan penumpang gelap kelompok jaringan kejahatan yg menyamar menyusup merusak persatuan bangsa menghancurkan negara ",0,"Netral"
"315",315," berjalan pemerintahan memimpin negeri ekonomi masyarakat terjepit harga jual barang masyarakat tani murah harga beli sembako mahal",0,"Netral"
"316",316,"intinya sajaklo dukung anis tdk jelekan caci makihujathinapemerintahan jokowiklo ditempuh bkn memuluskan perjalanan anis ri ",0,"Netral"
"317",317," ya pemerintahan jokowi sdh berhasil ala orde anak mantu pejabat pemindahan ikn era pandemi gmpang yg disidak ketua partai formula e kesombongannya terbentuk menikah dkeraton kampanye sorangan partai resep dewek bae",0,"Netral"
"318",318," dudidu tua gilalobener jokowi lo tolol g kerja mknya lo buang dr pemerintahan dsr si tua bangka bgolo",1,"Positif"
"319",319," dibiarkan patut kredibilitas integritas tanggungjawab pemerintahan jokowi keamanan keselamatan bangsa negara ",0,"Netral"
"320",320," alhmdullilah sarana dn prasarana kbutuhan rakyat bangun hidup mnjadi optimis dn rakyat pra sjahtera mnikmati sekolah gratis pngobatan gratis blt pkh dana pra kerja dll bukti pemerintahan jokowi mnjalnkn keadilan sosial rakyat indonesia",1,"Positif"
"321",321," dokter ngomongin pemerintahan jokowi ya jelas yg berkuasa jokowi kebijakan doi yg acc ngopi ngapa",0,"Netral"
"322",322,"hilirisasi tambang nikelbauxit timah strategi pemerintahan jokowi kekayaan sumber alam negara dimanfaatkan sepenuhnya kemakmuran rakyatmaka negara etopaas maju rela dng menghalanginyalewat wto dimenangkanlawan",-1,"Negatif"
"323",323," jujur kecewa pemerintahan jokowi segi penegakan hukum mengelola negara tdk membanfun pertumbuhan ekonomi tp mwnjaga keutuhan negara bangsa yg utama ekonomi maju tp kelompok yg merusak negara bangsa dibiarkan",0,"Netral"
"324",324," mengkritik pemerintahan jokowi hasil kudapat kecuali lega unegunegku tersalurkan akunku pensiun",0,"Netral"
"325",325," track record korupsi candi hambalang zamannya bocil sok pembela rakyat dibongkar pemerintahan jokowi ",0,"Netral"
"326",326,"pemerintahan jokowi pro pembangunan desa kesempatan kaum perempuan berpartisipasi kepemerintahan lingkup desa ",1,"Positif"
"327",327," mengganggu pemerintahan yg sah",0,"Netral"
"328",328," door door dunia nyata warung warung desa desa pemerintahan jokowi harga bbm mahal tarif listrik mahal pupuk mahal pajak mahal dg jgn milih penerus produk gagal",0,"Netral"
"329",329,"friendly reminder menjabat presiden ri oktober fokuslah tugas kepala negara kepala pemerintahan",0,"Netral"
"330",330,"gak terima kebijakan dianggep gak cinta nkri protes dikit dianggep pengganggu jalannya pemerintahan gak suka jokowi dianggep gak nasionalis lu muslim gak gerakan putih dianggep kafir pki muslim kalo gak dukung paslon umat dianggep islam pokoknya",0,"Netral"
"331",331," garis bawahi tahap ya kawasan inti pusat pemerintahan kippujar bambang menyikapi tingginya minat investasi presiden jokowi arahan areaarea ikn dibuka menampung minat investor tertampung wilayah ",-1,"Negatif"
"332",332," mantap pemerintahan presiden jokowi ",1,"Positif"
"333",333," diluar pemerintahan kerjasama bidang ya ",0,"Netral"
"334",334," pantes pemerintahan jokowi rakyatnya terpecah belah lawong provokatornya pelihara dimana rakyat yg kontra diajak berunding adakan dialog debat terbuka lawan tandingan si jin ping vs joe biden putin vs zelesky jokowi vs oposisi",0,"Netral"
"335",335," akun clonning fake account modal nge buzzerp cari duit jelekin islam bela pemerintahan opung lbp ",0,"Netral"
"336",336,"dukung program pemerintahan presiden jokowi mewujudkan pemerataan ekonomi ikn ",0,"Netral"
"338",338,"just forward reportation bertempur dg visi misi menjilat kekuasaan rezim pemerintahan acakadut sayangnya berstatus pejabat negara niatan memanfaatkan fasilitas negara gak gentle berani mundur dab mbok ya waras dab ",0,"Netral"
"339",339," gue sepakat hidup bahagia makmur krn pemerintahan woi gue pro jokowi kali tp realita aja acara relawan kemaren ngaco pakde seakan dijebak dateng citranya jd digoreng publik",0,"Netral"
"340",340," lapangan pekerjaan tersedia era pemerintahan jokowi ",0,"Netral"
"341",341,"ssssssstttttt tingkat kepuasan pemerintahan jokowi versi survei indopol via ",0,"Netral"
"342",342," kata klo sdh klr dr mulut sdh milik org apapun yg sdh kao sampekan menyakiti masyarakat beny mending jokowi pecat org citra yg buruk sistem pemerintahan",0,"Netral"
"345",345,"kebijakan era pemerintahan jokowi ",0,"Netral"
"346",346,"langkahlangkah pemerintahan jokowi masyarakat indonesia ",0,"Netral"
"347",347,"hebat hebat pemerintahan jokowi ",1,"Positif"
"348",348,"menhan prabowo bersyukur gabung pemerintahan jokowi ",0,"Netral"
"349",349,"indonesia maju era pemerintahan jokowi ",0,"Netral"
"350",350,"keren pemerintahan jokowi ",0,"Netral"
"351",351,"pemerintahan jokowi serious menjaga kedaulatan daerah kepulauan indonesia ",0,"Netral"
"352",352,"lapangan kerja terbuka lebar era pemerintahan jokowi ",1,"Positif"
"353",353," era pemerintahan jokowi indonesia dipandang dunia ",0,"Netral"
"355",355,"pemerintahan jokowi hebat membagun indonesia ",0,"Netral"
"356",356," presiden jokowi galau projectsprioritas mangkrak ekspres berita hukum politik pemerintahan",0,"Netral"
"357",357," kuncinya pemerintahan jokowi nya ributin ga skdar istilah lihat hasil mantalnya mindahin ibukota dikala pandemi kaya pindahan kostan yg disidak ketua partai formula e",0,"Netral"
"359",359,"mantap pemerintahan jokowi indonesia maju ",1,"Positif"
"362",362," manusia yg pelihara rezim jahat pemecah belah persatuan jokowi cengangascengenges cenderung respon manusia video yg beredar pemerintahan penjajahan model sih njirrr",0,"Netral"
"363",363,"dukung kebijakan pemerintahan presiden jokowi kebaikan bangsa indonesia ",0,"Netral"
"364",364,"dukung komitmen pemerintahan presiden jokowi realisasi investasi dirasakan masyarakat ",0,"Netral"
"365",365,"mantap pemerintahan jokowi ",0,"Netral"
"366",366," jokowi dorong pemerintahan berjalan tuntas ",0,"Netral"
"367",367,"dukung program pemerintahan presiden jokowi memulihkan ekonomi nasional ",0,"Netral"
"368",368,"ketegasan pemerintahan era jokowi patut diapresiasi ",0,"Netral"
"370",370," ambil standarnya saudisedangkan orang pemerintahan indo anti faham dianut mayoritas saudi kerajaan wahabi ",0,"Netral"
"371",371," jd mmg om mereka benalu pemerintahan bikin kisruh aja takut jatahnya jd berkurang ",0,"Netral"
"372",372,"dukung kebijakan pemerintahan presiden jokowi ",0,"Netral"
"374",374,"pratikno mengeklaim ring jokowi fokus agenda pemerintahan ",0,"Netral"
"375",375," salah bentuk pengakuan pemerintahan jokowi gagal",0,"Netral"
"376",376,"puan umumkan yudo margono calon panglima tni pilihan jokowi ",0,"Netral"
"377",377," dimasa pemerintahan merasakan kemudahan pmi ribet melewati kuburan dimalam pas melewati imigrasi bandara kno ckg pas pulang imigrasi nanya uang jangkarnya malu ",0,"Netral"
"378",378,"terbaik dukung kebijakan pemerintahan presiden jokowi terkait pemerataan infrastruktur digital ",0,"Netral"
"379",379," presiden jokowi pemimpin terbaik indonesia dukung kebijakan pemerintahan presiden jokowi ",0,"Netral"
"380",380," ndak bikin susah rakyat doang ltlt susah krn yg susah dr kesusahan mrk pasrahkan jalannya pemerintahan kpd mrk yg menjabat dgn penuh kepercayaan mrk msh pnya kesopanan dlm ",-1,"Negatif"
"381",381,"dukung program pemerintahan presiden jokowi meningkatkan produktivitas pertanian negeri ",0,"Netral"
"382",382," kadrun panik rakyat mendukung pemerintahan periode arahan president jokowi haram pilih ",0,"Netral"
"383",383,"gue paham si garong bacot iblis corong politikus korup oligarki terlindas kebijakan system pemerintahan jokowi congornya wajib dikepret si garong wajib pelajaran diciduk dijebloskan hotel prodeo efek jera ",0,"Netral"
"384",384," berharap pemerintahan presiden ",0,"Netral"
"385",385," siasia pengabdian tdk perhatian pemerintahan presiden ",0,"Netral"
"386",386," menikmati kakek nenek eyang kerabat desa menikmati blt beraneka paket bantuan pemerintah diawal berlanjut sesuai kebutuhan yg notabènèhasil karya pemerintahan dgn tim kerjanya",0,"Netral"
"387",387," team kampanye dipilpres bayar jabatan pemerintahan bpmi video hadapan tersebar si benny membenturkan masyarakat memaksa presiden polisi menangkap yg beda pendapat provokator nkri ",0,"Netral"
"388",388," gak pesimis om waspada percayakan ahli ekonomi pemerintahan monggo beda pendapat ",0,"Netral"
"389",389," pembangunan infrastruktur era pemerintahan presiden jokowi terbukti berhasil indonesia maju ",0,"Netral"
"395",395,"pembangunan infrastruktur era pemerintahan presiden jokowi terbukti berhasil indonesia maju ",0,"Netral"
"396",396,"jokowi kungkungan politik praktis mesti taat asas menjalankan pemerintahan menegakkan sendi negara konstitusi jokowi dikenang negarawan ",0,"Netral"
"397",397,"pemerintah provinsiprovinsi hasil pemekaran papua dana anggaran pendapatan belanja negara apbn alokasi mendukung berlangsungnya pemerintahan provinsi jokowi gas pol pemerataan ekonomi ",0,"Netral"
"398",398," gagahnya ngomong jokowiwuiiihhhmerasa pemerintahan jejak digital terekam",0,"Netral"
"399",399,"pemerintahan jokowi terbaik kemajuan bangsa indonesia ",0,"Netral"
"400",400,"pemerintahan jokowi membagun bangsa indonesia ",0,"Netral"
"401",401," pemerintahan dikelola ormas",0,"Netral"
"402",402," tingkat kepuasan pemerintahan jokowi versi survei indopol ",0,"Netral"
"403",403," pemerintahan didukung cuan ngga jalan contohnya soeharto didukung konglomerat sby didukung cukong batubarajokowi didukung pengusaha gusdur dukungan pengusaha ngga bertahan",0,"Netral"
"404",404," yg ajak tempur mencari keseruan pemerintahan jokowi ",0,"Netral"
"405",405,"jokowi merencanakan tempur rakyat yg mengkritisi pemerintahanini makar kpada kedaukatan rakyat ",0,"Netral"
"406",406," jd nya spt konstituante hsl pemilu yg tdk tuntas konstitusi pengganti uud yg dianggap modern pd pm jg silih berganti krn partai menjthkan msh sistem perlementer presiden pemerintahan karno dgn x",-1,"Negatif"
"407",407," mas alumni yakalian begituh ga sejalan pemerintahan memusuhi pemerintahjangan suci broo",0,"Netral"
"408",408," org spt maksud mengkavling jalan pemerintahan utk urusan tujuan intinya pengen usahanya mulus",0,"Netral"
"409",409,"jokowi instruksikan jajarannya kebut pembangunan kawasan pemerintahan ikn nusantara ",0,"Netral"
"412",412," garis bawahi tahap ya kawasan inti pusat pemerintahan kipp bambang menyikapi tingginya minat investasi presiden jokowi arahan area ikn dibuka menampung minat investor tertampung wilayah ",-1,"Negatif"
"413",413," orang akhlak kek gini pejabat pemerintahanmeskipun pendukung jokowi ",0,"Netral"
"414",414,"jokowi menargetkan pemerintahan infrastruktur digital agiah taruih ",0,"Netral"
"415",415," mudahnya pendukung jokowi menghasut memprovokasi tindakan diluar hukumbahkan kepala pemerintahan presiden ri konstitusional melindungi rakyatnyabaik pro kontra ",0,"Netral"
"416",416," maaf bang umar maksud dgn katagemes tempur dilapangan pasukan lbh banyakmohon kl spt gayanya sdh spt premanisme didepan jokowi mengutarakannegara membrantas premanisme spt buang manusia spt beny gak bagus u pemerintahan ",1,"Positif"
"417",417,"nasdem berbeda sikap jokowi mendeklarasikan anies baswedan capres peluang nasdem oposisi ",0,"Netral"
"418",418,"sikap nasdem rencana uu ikn dianggap bentuk perlawanan pemerintahan jokowi ",0,"Netral"
"421",421," kadrun pemuja warga gurun suka nyerang pemerintahan jokowi memuja negara gurun bobrok nusantara ",0,"Netral"
"422",422," masyarakat sistem pemerintahan mesti sesuai kebutuhan difungsikan sesuai fungsinya sayangnya orang paham sistem pemerintahan ",-1,"Negatif"
"423",423,"hasanuddin jokowi ajukan ksal yudo margono gantikan andika ",0,"Netral"
"424",424,"pemerintahan jokowi gas pol ekonomi hijau sektor kedepannya primadona ",0,"Netral"
"426",426," selamat pencapaiannya sulit orang awam bersukur banget pemerintahan kerja global leadership award ",1,"Positif"
"427",427," membanggakan selamat apresiasi pemerintahan diera kepemimpinan pk jokowi top banget global leadership award ",1,"Positif"
"429",429,"utang pemerintahan jokowi merangkak tembus rp triliun via ",0,"Netral"
"430",430," si manusia pecatan yg memelihara dendam kesumat kbencian mati kpd pemerintahan jokowi sederhananya ya manusia sampah gitulah ",0,"Netral"
"431",431,"hubungan erick thohir jokowi keluarganya sebatas pemerintahan berbisnis bareng erick ketua panitia pernikahan kaesang ",0,"Netral"
"432",432,"bangga jokowi membuktikan kepantasannya kepala negara kepala pemerintahan global leadership award ",0,"Netral"
"433",433,"jokowi kebut pembangunan kawasan pemerintahan ikn nusantara dukung ikn nusantara ",0,"Netral"
"434",434," sekian kegiatan politik negeri pemerintahan jokowi g signifikan dampaknya indonesia puncak kepemimpinan global global leadership award ",0,"Netral"
"435",435,"pemerintahan dibawah kepeminpinan jokowi top buktinya penghargaan global leadership award ",0,"Netral"
"436",436,"prestasi presiden jokowi bertambah prestasi didapatkan mudah beliau berjuang keras memimpin indonesia menjalankan roda pemerintahan global leadership award ",-1,"Negatif"
"437",437," kayanya tangan gatel kalo nggak ngetwit nyinyirin orang pemerintahan jokowididudidusampe segitunya sakit dihatimu",0,"Netral"
"438",438,"rakyat indonesia mendukung kinerja pemerintahan presiden jokowi ",0,"Netral"
"439",439," olah pemerintahan berhasil indikator ekonomi hukum demokrasi beban negara memburuk ",0,"Netral"
"440",440," menulis pribadi jokowi memilih tupoksi kepala negara cenderung cerimonial dibandingkan memilih kepala pemerintahan kemampuan managerial dibandingkan keberadaan menterinya ",0,"Netral"
"441",441," pemerintahan yg menaikkan harga bbm",0,"Netral"
"442",442," pilih ganjar pilpres semoga dpt melanjutkan kerja yg pemerintahan jokowi ",2,"Positif"
"443",443," setuju banget pernyataan provokator yg sebenernya mempermalukan presiden jokowi bilang negara pemerintahan milik kelompoknya negara hukum ajak presiden memerangi rakyatnya org dijauhi jokowi krn malu",0,"Netral"
"444",444," permulaan mrk dah keder gimana klo besok telunjuk jokowi mengarah sosok capres penerus tongkat estafet pemerintahan kadrone teriak pemerintah berat sebelah ",0,"Netral"
"445",445," manusia munafik kau sinungilla kau yg kenceng membbully kebijakan pemerintahjilat pantat abas yaman kau dibutuhkan disana jokowi pemerintahan ga kau campuri",0,"Netral"
"447",447," gak bicara polarisasi bicara penegakan hukum penyebar fitnah yg menyerang pemerintahan jokowi perang itupun perang fisik beradu pengaruh politik masyarakat",0,"Netral"
"448",448," pemerintahan presiden jokowi fokus memajukan indonesia mensejahterakan pembenci fokus menjelek berusaha menjelekkan pemerintah presiden jokowi tuhan tidur nya pembalasan murka tuhan turun orang orang dengki ",-1,"Negatif"
"449",449,"pendahulunya defisit apbn dimana sisa pembiayaan negara diperoleh utang dibayar jokowi tahunnya trilyun sungguh pemerintahan pemerintah malas suka menghamburkan uang perduli pendapatan ",0,"Netral"
"450",450,"kedekatan presiden jokowi emosional menteri bumn erick thohir membuktikan kinerja yg bagus dlm pemerintahan etho berhasil mentransformasi perusahaanperusahaan bumn untung ",0,"Netral"
"451",451,"golkar jatim airlangga masuk ciri pemimpin jokowi surabaya pertemuan presiden jokowi relawan gerakan nusantara bersatu mengungkap ciriciri via ",0,"Netral"
"457",457," som komentar politik oon jokowi presiden petahana mensetting perpolitikan indonesia power komponen pemerintahan mo bilang curang hahaha realita politik yg melanggar konstitusi",-1,"Negatif"
"458",458," yg sdh hukum lawan hoaks sdh kewajiban warga negara indonesia warga negara indonesia wajib informasi yg pemerintahan indonesia jgn main fitnah ",0,"Netral"
"459",459,"pdi perjuangan watak kepemimpinan jokowi politik pemberdayaan rakyat blusukan turun politik mobilisasi gelora karno ",0,"Netral"
"461",461," ketahuan mainannya berlindung diketiak aparat aparat rakyat trus rakyat kritik krn pemimpinnya tukangbohong gak yak pemerintahan berjalan krn pajak dri rakyat kl mo tegakkan hukum tegakkan jgn pakai pandang bulu plgan gerombolan ente yg byk ditangkap",0,"Netral"
"462",462,"menteri bumn kepercayaan presiden joko widodo kedekatan jokowi emosional et membuktikan kinerja bagus pemerintahan ",0,"Netral"
"463",463," menkes pemerintahan presiden jokowi gas poll kesehatan rakyat kombinasi pembayaran bpjs kesehatan swasta ",0,"Netral"
"464",464,"pemerintahan presiden jokowi gas poll reformasi hukum restorative justice berlaku kejahatan serius ",-1,"Negatif"
"465",465," org copot jabatannya adu domba gerombolan jgn diem aje ente gunain sisa pemerintahan bangun citra yg buruk ",0,"Netral"
"466",466," dlu x klo ne orang pro mendukung jokowi usahanya lancar dekatny dgn pemerintahan",0,"Netral"
"467",467," coba berpikir yg warasapakah pemerintahan presiden penganut iniboleh datanya biar pembelajaran ",0,"Netral"
"468",468," anggaplah ya salahsatu orang berterimakasih utk jasa jk pemerintahan jokowi kekurangan sempurna perubahan negara terimakasih jusuf kalla ",0,"Netral"
"469",469,"sekjen pdip hasto relawan jokowi mereduksi keberhasilan pemerintahan jokowi manuver berguna ",-2,"Negatif"
"470",470," jahat pikiran alami pemerintahan jokowi keburukan coba share alami nama rakyat ",0,"Netral"
"471",471," hambalang wisma atlet dana century e ktp jaman sby sdh byk uang negara dikeruk sby thn dapet trilyun hebatkan gak skrg kemrungsung trhdp pemerintahan jokowi yg sdh krj benerkeras tp jokowi tdk korupsi",0,"Netral"
"472",472," picik gitu fakta ujaran kebencian fitnah hoax dialamatkan pemerintahan sah keluarga presiden luput serangan penegakkan hukum penegakkan hukum ",0,"Netral"
"473",473," nampak arah kemana indonesia jokowi berhasil menjalankan roda pemerintahan kearah yg nampak penerusnya yg ",0,"Netral"
"474",474," yg pke baju hitam preman benalu pemerintahan tukang jilat blng melawan lapangan yg lawan penyakitnyadan hilang wibawa preman penjilat ",0,"Netral"
"475",475," buruk pemerintahan kelilingi preman penjilat",0,"Netral"
"476",476," ya bodoh kampanye perubahan sisi lanjutkan program jokowi seolah berlawanan koalisi pemerintahan tai kucing namanya hebat dr pemerintah lgsg lantang bhw lu mmg beda perubahan",0,"Netral"
"477",477," klo sy disitu sy nasehatin jd anak bangsa ga berkelahi yg disebrang mengkiritik yg diperbaiki pemerintahan gitu ah",0,"Netral"
"478",478," perempuan terwakili suaranya pemerintahan tingkat terendah ",0,"Netral"
"479",479,"pemerintahan tinggal fokus pemenuhan janji yg dikampanyekan m yg kemarin dihabiskan utk acara relawan yg kabarnya kalo diambil perusahaan bumn hrs dikembalikan ",0,"Netral"
"480",480,"peneliti indonesia corruption watch icw lalola easter sejarah mencatat pemberantasan korupsi hancur tangan pemerintahan presiden lalola perhatian serius jokowi ",0,"Netral"
"481",481," wuakakakakaacuaxss lha proseduralnya gimana emang klaten ga kepala daerah trus curhat bapaknya pemerintahan yg diluar teriroialnya bedakan posisi anak posisi walikota meh ngeles piye maneh awakmu",0,"Netral"
"482",482," perempuan aktif terwakili jajaran pemerintahan tingkat terendah ",0,"Netral"
"483",483," dikritik pemerintahan kebijakannya cendrung diancam bunuh diancam polisi caci maki hina permalukan penjilat ",0,"Netral"
"484",484," kadrun cs ga merta muncul jokowi jd presiden mreka muncul piara slama pemerintahan sby menyebar slama thn stelah sby lengser berharap kadrun cs berkuasa allah msh sayang sm bangsa jokowi yg jd presiden",0,"Netral"
"485",485,"tekan perlambatan ekonomi pr pemerintahan jokowi ",0,"Netral"
"486",486," segar ingatan postingan berbau rasial melekat seumur hidup narasi coba presiden membangun papua ",0,"Netral"
"487",487," indonesia berbangga presiden jokowi berbangga perdana menteri anwar ibrahim semoga malaysia gemilang terbilang unggul dibawah pemerintahan anwar ibrahim ",0,"Netral"
"488",488," berhenti menekan pemerintahan berkomunikasi ttg capres krn beliau lamb duck presidency ",0,"Netral"
"489",489," tvone pendukung kadrun kritik pemerintahan jokowimana tvone berani expose lapindoatau asuransi bakrie life dll mengharapkan berita yg mendukung jokowi tvone doakan jokowi lindungan tuhan",0,"Netral"
"490",490,"sbagai ex ulama perih ga sih hati lihat yg kritis pemerintah dianggap musuh diperangi pdhl negara manapun oposisiagar pemerintahan berimbang tdk oligarki otoriter senyum senyum pdhl yg suasana adem ",0,"Netral"
"491",491," warga percaya pemerintahan tingkat desa kecamatankarena terorganisir penyimpangannya",-1,"Negatif"
"492",492," rakyat didzalimi pemerintahan jokowi cebong senang bangga rakyat nkri harga mati rakyat rrc harga boneka",0,"Netral"
"493",493," manusia penjilat berbahaya dlm persatuan nkri hrs nya d copot sja jabatan nya d pemerintahan",0,"Netral"
"494",494," perbanyak deh mengenali lingk minimal kecamatan lu liat brp bny warga yg terbangun dg bantuan pemerintah dr program yg banuak maju dibawah pemerintahan jokowi otaknya dibuka tuh jgn isinya taik kebencian biar gak jd org munafik lo",0,"Netral"
"495",495," benny klo maslah keluarga bawa ranah pemerintahan emang negara klo pemenang pastinya rakyat mendukung paktanya program meleset contoh kereta cepat janji tdk pakai apbn kenytaanya pakai biaya ",0,"Netral"
"496",496," relawan jokowi yuk sama mendukung gp ps keberlangsungan pemerintahan yg sdh dpt dilanjutkan partai nasionalis minus nasdem bersatulah jgn terpecah thn pertarungannya main et menko tunggu aja wapresnya",1,"Positif"
"498",498," manusia terbodoh indonesia adu dombaperang saudara sebangsa hrs nya bijak menanggapi manusia yg bikin gaduh kritik wajar dlm pemerintahan bkn melawan netizen yg menerima tantangan diasumpah memalukan gaya premannya",0,"Netral"
"499",499,"kedekatan emosional membuktikan kinerja bagus pemerintahan erick thohir berhasil mentransformasi perusahaanperusahaan bumn untung ",0,"Netral"
"500",500," tertawa yg salah ya dgn meme fpi hti udah dilarangkan klo capres yg diusung org yg notabenenya anggota ormas iya ga menjauhinya ouh anggotanya kali ya sakit hati pemerintahan jokowi ",0,"Netral"
"501",501," menteri pemerintahan presiden jokowi persiapan pernikahan kaesang pangarep erina gudono ",0,"Netral"
"502",502," okt sejarah indonesia biarkan generasi yg menilai kinerja pemerintahan jkw",0,"Netral"
"503",503,"erick thohir anak emas jokowi menteri bumn kinerja yg bagus pemerintahan kepercayaan presiden erick dinilai dg keluarga jokowi mengurus kebutuhan pernikahan anak bungsu jokowi ",1,"Positif"
"504",504," yg wariskan pemerintahan jokowi maruf relawan buzzer penerus yg menang capres cawapres orang berkarakter jokowi maruf amin ",1,"Positif"
"505",505," kedekatan jokowi emosional membuktikan kinerja bagus pemerintahan berhasil mentransformasi perusahaanperusahaan bumn untung ",0,"Netral"
"506",506," kedekatan jokowi emosional erick thohir membuktikan kinerja bagus pemerintahan berhasil mentransformasi perusahaanperusahaan bumn untung ",0,"Netral"
"507",507," jkw ketakutan habis jabatannyaboroknya dibongkar semuamakanya dilakuin mengendalikan pemerintahan udah narsis dicintaisampe lupa menghargai ",0,"Netral"
"508",508," ngajak masuk pemerintahan demokrat menawarkan bergabung pemerintahan menawarkan program ahy mendukung berjuang jokowi menang pemerintahan namanya ngemis mentalnya jelek",-2,"Negatif"
"509",509," berharap jokowi kepala negara kepala pemerintahan diakhir dlm acara sholawat utk keselamatan negeri berbicara tuntaskan tugas presiden silahkan rakyat memilih pengganti yg terbaik yg cinta republik ",0,"Netral"
"510",510," bangga jokowi dikit ngeberantas kaum radikal intoleran yg sbelum pemerintahannya merajalela sampe instansi pemerintahan mmg sulit hilang tp waspada melawan nkri bhineka tunggal ika harga mati",0,"Netral"
"511",511," transisi energi terbarukan investasi industri migas menjanjikan pemerintahan jokowi gas pol ketahan energi ",0,"Netral"
"512",512,"pemerintahan jokowi gas pol reformasi agraria gas pol jenderal mafia tanah terkait proyek strategis nasional menghambat perekonomian investor berpikir puluhan kali ",-1,"Negatif"
"513",513," bagus kajian yg salafi insyaallah antum membenci pemerintahan jokowi",1,"Positif"
"514",514," kemarin menghina pemerintahan jokowi bener aje",0,"Netral"
"515",515," gimana nasdrun situ bergabung yg kah situ bilang berkoalisi dgn pemerintahan jokowi",0,"Netral"
"516",516,"potensi gempa daerah indonesia antisipasi mengurangi dampak kerusakan rumah rumah tahan gempa dibangun cianjur pemerintahan jokowi gas pol insfrastruktur ",0,"Netral"
"517",517," provinsiprovinsi berjalan berfungsi optimal tahuntahun sri mulyani pemerintahan jokowi gas pol pemerataan ekonomi ",0,"Netral"
"518",518,"menteri ppnkepala bappenas suharso monoarfa pertumbuhan ekonomi indonesia ratarata persen persen terwujud transisi hijau green economic potensinya pemerintahan gas pol ekonomi hijau ",0,"Netral"
"519",519,"la nyalla munafikun jokowi gak turun kerusakan indonesia akibat pemerintahan jokowi masif uud presiden dipilih mpr kursi dpr mpr dikuasai munafikun ",0,"Netral"
"520",520," loh gugur tuduhan kl dendaman pemerintahan represif kritik aja pendukungnya aja sampe greget membiarkan mereka yg menghina memfitnah beliau",0,"Netral"
"521",521," fakta nya kebijakann pemerintahan jokowi rakyat kutu bab kadrun menjerit rakyat pendukung jokowi nggak tuh kayakaya nya kalo udah susah kali job demo kesini kau drunn biar donasi kau njenk",0,"Netral"
"522",522," block rokan prefot n yg lain indonesia slma pemerintahan jokowi sby",0,"Netral"
"523",523," menteri andalan dipercaya presiden menangani urusan pemerintahan urusan keluarga seringkali tugas strategis terlibat dalamnya ",0,"Netral"
"524",524,"sentilansentilan ahy pemerintahan jokowi ",0,"Netral"
"528",528,"kahmi apresiasi kinerja pemerintahan jokowimaruf ",0,"Netral"
"532",532,"gerindra bergabung pemerintahan jokowi prabowo bikin indonesia bersatu ",0,"Netral"
"533",533," massa terkumpul jt yg sia unfaedahjokowi presiden ahok jd pejabat pemerintahan klean tetep ngantri nasi bungkus ",0,"Netral"
"535",535," kehadirannya nanah tubuh pemerintahan",0,"Netral"
"537",537," oh kader nasdem nyindir jokowi nasdrun mulia mundur pemerintahan jokowi pendukung anis tukang memfitnah mencaci maki pembenci jokowi kader nasdem membenci jokowi",0,"Netral"
"538",538,"bukti keseriusan pemerintahan jokowi ",0,"Netral"
"539",539,"yes pemerintahan jokowi peduli papua ",0,"Netral"
"541",541," bukti perhatian kepedulian pemerintahan jokowi majukan tanah papua ",0,"Netral"
"542",542," kepuasan publik pemerintahan jokowi amunisi ",0,"Netral"
"543",543," membuktikan asumsimu memangnya pemerintah mengizinkan korupsi ngawur benci pemerintahan jokowi faktanya jokowi dipilih kali rakyat indonesia apaapa pendukung jokowi",-1,"Negatif"
"545",545," akbp doni hermawan kapolres fpi parasitparasit instansi pemerintahan",0,"Netral"
"546",546," papua coba yg pemerintahan presiden jokowi dibandingkan dgn presiden kekurangan wajar ingkari hasil kerja ",1,"Positif"
"547",547," bukti keseriusan kepedulian pemerintahan jokowi ",0,"Netral"
"548",548,"mantap jokowi pembangunan kawasan pemerintahan ikn nusantara dikebut ",1,"Positif"
"551",551,"yuk dukung pemerintahan jokowi rakyat sejahtera ",0,"Netral"
"554",554,"pemerintahan jokowi memajukan bangsa indonesia ",0,"Netral"
"557",557," gpp pengangguran gaji buruh rendah gegara omnibus law bikinan pemerintahan jokowi uang rb bermanfaat",0,"Netral"
"558",558," wahh klo pikiran lu gitu yg kecelakaan jalan tol krn byk jln nya yg rusak tanggung jokowi proyek nya dimasa pemerintahan beliau ",0,"Netral"
"560",560,"mantap jokowi indonesia maju pemerintahan jokowi ",0,"Netral"
"564",564,"eksponen muda jambi mengapresisi kinerja pemerintahan presiden jokowi ",1,"Positif"
"566",566,"sekjen pdi perjuangan hasto kristiyanto menyayangkan kegiatan relawan berjudul nusantara bersatu menilai aksi relawan citra indonesia pemerintahan jokowi rusak sukses menggelar g ",0,"Netral"
"567",567," bukti keseriusan pemerintahan jokowi dlm membangun papua ",0,"Netral"
"568",568,"dukung pemerintahan presiden jokowi strategi mitigasi bencana ikn ",0,"Netral"
"570",570,"mas massanya jokowi massanya ganjar massanya pdip massanya koalisi pemerintahan tugas jokowi mengendalikan massanya acara reuni kalimat jugablabla ",0,"Netral"
"572",572," dukung langkah pemerintahan presiden jokowi ",0,"Netral"
"575",575,"ngomongin kebenaran injak mrk menginjak kebenaran kebenarannya kepemimpinan jokowi indonesia hebat gak bandingkan dn tarik pemerintahan krn gak efeknya yg gudang korupsi mangkrak ",0,"Netral"
"576",576,"apresiasi pemerintahan presiden jokowi program sosialnya ayo dukung ",0,"Netral"
"579",579," terkelam pemerintahan jokowi maksud ramalan tarot bunda sekar ",0,"Netral"
"580",580," priode lagilah presiden penggantinyaindonesia maju jayakrn jokowi partai kwalisi sdh menetapkan jalannya pemerintahan mantap",1,"Positif"
"581",581,"kadruns membantah era pemerintahan jokowi swasembada beras fakta berbicara kinerja keras membuka lahan petani puluhan waduk dibangun kecukupan air petani bukti sulit dibantah ",0,"Netral"
"582",582," revisi uu kpk legacy buruk pemerintahan jokowi kenang penguasa melemahkan usaha pemberantasan korupsi indonesia",0,"Netral"
"584",584,"nkri berazaskan pancasila uud berbhineka tunggal ika pemerintahan jokowi membiarkan anasirs radikalisme agama eksis bebas merusak tatanan kehidupan nasional indonesia ",0,"Netral"
"585",585," jokowi instruksikan jajaranya kebut pembangunan kawasan pemerintahan ikn nusantara ",0,"Netral"
"586",586,"jokowi instruksikan jajaranya kebut pembangunan kawasan pemerintahan ikn nusantara ",0,"Netral"
"590",590,"liat twit kelompok khilafah anti pemerintahan saking julidnya omongan pakde jokowi rambut putih bahan julid",0,"Netral"
"591",591," dada beliau pin kepresidenan kehadiran beliau sbg presiden ri kepala negarapemerintahan ri pertanyaannya acara acara kenegaraan presiden ri acara jokowi relawan pendukungnya ",0,"Netral"
"593",593," pencapaian pemerintahan presiden jokowi ",0,"Netral"
"594",594,"jokowi infrastruktur jajarannya kebut pembangunan kawasan pemerintahan ikn nusnatata ",0,"Netral"
"595",595," kapolrenya kadrun mah tu cianjur ngga suka sma pemerintahan jokowi bahlan yg smpe benci jokowi tpi gak sadar",0,"Netral"
"596",596," gini lu bilang anies kesana kemari nggak ngunjungin cianjur gak protes trus gw sanggah jokowi jabatan pemerintahan anies jabatan pemerintahan perbandingannya gak apple apple",-1,"Negatif"
"598",598,"jokowi instruksikan jajarannya kebut pembangunan kawasan pemerintahan ",0,"Netral"
"599",599,"jokowi instruksikan jajarannya kebut pembangunan kawasan pemerintahan ikn ",0,"Netral"
"602",602,"repdem jokowi sukses g presiden relawan ",0,"Netral"
"605",605,"jokowi kebut pembangunan kawasan pemerintahan ikn nusantara ikn yes ",0,"Netral"
"606",606,"maman abdurrahman jokowi serius ringankan beban rakyat anggaran bantalan sosial ditambah pemerintahan presiden joko widodo menambah anggaran program bantalan sosial rp triliun meringankan beban masyarakat ",0,"Netral"
"608",608,"jokowi instruksikan kebut pembangunan kawasan pemerintahan ikn nusantara keren ",1,"Positif"
"609",609,"capaian pemerintahan jokowi membanggakan mantap ",0,"Netral"
"612",612,"niat revisi uu ikn dijalankan demokrat kritik telak pemerintahan jokowi sungguh preseden buruk ",0,"Netral"
"615",615," sy pendukung jokowi sejati menyumbang milyar acara alhamdulillah mendukung pemerintahan bersih yg diridhoi allah usaha berkah bertambah rezekynya ape lu drun",0,"Netral"
"616",616," pemerintahan hebat menaikkan utang ",1,"Positif"
"617",617,"jokowi intruksikan kebut pembangunan pemerintahan ikn nusantara ",0,"Netral"
"619",619," jokowi jabatan pemerintahan anies jabatan penerintahan membandingkan gak apple apple",-1,"Negatif"
"620",620,"keren jokowi instruksikan jajarannya kebut pembangunan kawasan pemerintahan ikn ",0,"Netral"
"625",625,"pemerintahan presiden jokowi gas poll digitalisasi umkm yg mendorong peran umkm ekonomi digital ",0,"Netral"
"628",628," tangkap radikalisme pjokowi hrs trhdp pelaku radikal jaman soeharto lgsg ditembak jaman sby presiden dipelihara ruang hti fpi sby dimanfaatkan dijadikn pecundang kepentingan politik melawan pemerintahan jokowiutk menutupi kesalahannya sndr",0,"Netral"
"633",633," lawan penerus jokowi pp sulit dikalahkan puan dijadikan capres pdipkoalisinya lawan capres usungan pdipcs dijadikan akses kadrun eksistensi politik pemerintahan wajib dikalahkan nasionalis",0,"Netral"
"634",634," tugas manusia otak kotorkeruhbuthek bikin hoax pemerintahan jokowi narasikan dibumbui hujatan fitnah plintirankebencian kebohongan dibayar ",0,"Netral"
"635",635,"umkm backbone perekonomian nasional peran umkm signifikan era digital peran umkm dorong ekonomi digital rp triliun pemerintahan jokowi menargetkan juta umkm masuk ekosistem digital potensi ekonomi ",0,"Netral"
"636",636," gimana klo dibalik pendukung komunis indonesia yg teriakteriak isu khilafah indonesia hti fpi dibubarkan pemerintahan jokowi emang komunis pintar putar balikan fakta ",0,"Netral"
"637",637,"alhamdulillah patut disyukuri nih menkeu sri mulyani kenaikan inflasi domestik moderat penanganan inflasi indonesia metode konvensional non konvensional pemerintahan jokowi lawan pandemi ",0,"Netral"
"638",638,"trigger positif pemerintahan paska presiden jokowi kelak muncul pemimpin yg dijadikan musuh rakyatnya karna mengeksekusi amanah tuhan dimuka bumi berani adil n takut n gentar sedikitpun",-2,"Negatif"
"639",639," minjam uang milyar bangun rumah istana banggakan kemana pemerintahan ",0,"Netral"
"640",640," presiden jokowi sbg pemimpin yg merevolusi sistem manajemen pemerintahan korup diera musuh bg organ n orang jahat sjw yg terjungkal pendaringan nya terbuka aib nya terhina statusnya terluka kehormatan nya hukum alam diera pencerahan spiritual",0,"Netral"
"641",641,"pemerintah mafia hukum eksis nkri langkah pemerintahan jokowi mengatasinya ",0,"Netral"
"642",642," temanjaman pemerintahan jokowi bergelar gusbergelar ustadzdakwah gus nur menyulut kebencian coverstory one ",0,"Netral"
"643",643,"pemerintahan jokowi gas p kesehatan masyarakat sih subsidi silang manifestasi bentuk gotong royong pembayaran bpjs kesehatan swasta dikombinasikan ",0,"Netral"
"644",644," memulihkan perekonomian semestinya dukung pemda pempus stimulus pemda pulihkan penerbangan daerah pemerintahan jokowi gas pol pemulihan ekonomi ",0,"Netral"
"645",645,"pidato ahy kali ngawur menyebut pemerintahan jokowi kebijakan ugalugalanan kebijakan maksud pidato ahy terkesan klaim malam minggu denmark ",0,"Netral"
"648",648," soeharto menjalankan pemerintahan timbangkan tumbang jokowi punah ",-1,"Negatif"
"649",649," sih orang mengkritik pemerintahan jokowi kadrun dasarnya",0,"Netral"
"650",650," pasangan ideal pas melanjutkan pemerintahan jokowi ",0,"Netral"
"651",651," sekian pemerintah kepolisian ri menerapkan restorative justice tindak kejahatan diselesaikan restorasi hukum pemerintahan jokowi pro reformasi hukum ",-1,"Negatif"
"652",652,"pelabuhan patimban keberadaannya dimanfaatkan aktivitas impor ekspor pembangunan infrastruktur era jokowi keberhasilan pembangunan era pemerintahan joko widodo kader pdip jokowi kebut infrastruktur imbas pr era soeharto ",0,"Netral"
"653",653,"pemerintahan jokowi gas pol digitalisasi pertanian optimalisasi implementasi pertanian tantangantantangan industri pertanian era digital dijadikan peluang menerapkan digitalisasi pertanian ",0,"Netral"
"654",654," agenda kebodohan kemiskinan massa tujuan utama pemerintahan dzolim era jokowi bangsa budaknya asengasing",0,"Netral"
"655",655," pemerintahan pro china daratan prioritas keruk sda negara pajak bebaskan anggota dpr mas joko ",0,"Netral"
"656",656,"pilih pemimpin yg ngerti duduk manis joko diisukan dgn pki tampuk pemerintahan berjaya memajukan meningkatkan ekonomi indonesia mata dunia ",0,"Netral"
"657",657,"pemerintahan presiden jokowi bertahap aso tersisa wilayah loh ",0,"Netral"
"658",658,"fyi nih gaess pemerintahan presiden jokowi mendorong lembaga penyiaran beralih digital yg beralih ",0,"Netral"
"659",659,"pemerintahan presiden jokowi memperluas jangkauan siaran tv digital kualitas siaran tv masyarakat ",0,"Netral"
"660",660," kepala negara kepala pemerintahan ",0,"Netral"
"661",661,"iwan fals berkomentar rambut putih jokowi pidatonya ",0,"Netral"
"666",666," politik etika sok cerdas lu namanya jg politik kawan besok lawan otak lu dipenuhi kebencian yg ga tuh liat wowo rival skrg tim dgn jokowi pemerintahan pake otak politik ya spt cung",0,"Netral"
"667",667,"ganjar pranowo blakblakan rambut putihnya mikirin rakyat ",0,"Netral"
"668",668," kepala pemerintahan bpk jokowi berperan kepala negara kehadiran beliau acara mencerminkan negarawan",0,"Netral"
"669",669," idola salah motor pemerintahan jokowi mentri tersantuy prestasi mumpuni",0,"Netral"
"670",670," dada kiri jokowi pin kepresidenan yg maknanya sbg pemangku jabatan kepala negarapemerintahan acara gerakan nusantara bersatu gbk acara resmi kenegaraan acara presiden ri joko widodo beda dg acara bpk jokowi ",0,"Netral"
"671",671," akibat pemerintahan jokowi tindakan benih benih pemecah bangsa presiden perintahkan polisi tangkap pelaku rendam air leher disuapi makannya",0,"Netral"
"672",672," bego anies terikat jabatan pemerintahansi jokowi presiden acara duitnya kalu duit negara",-2,"Negatif"
"673",673,"jaman jokowi presiden rakyat bersyukursebab jaman jokowi pemimpin pemerintahan ustadz ulamagelar gelar terciptaapa ilmu agama dengar terdengar lihat medsos ",0,"Netral"
"674",674," sikap abstain agenda revisi nasdem mengambil posisi sbagai oposisi pemerintahan jokowi argumentasi dibalik sikapnya gaya bahasa kalangan oposisi",0,"Netral"
"675",675," biar dihina difitnah kadrun kerja nyata pemerintahan jokowi membuahkan hasil fakta ",1,"Positif"
"676",676," presiden membukkan badan penghormatan setinggitingginya yg mendukung mengapresiasi kerja pemerintahan sy sih yesss krn blm yg setaraf ",0,"Netral"
"677",677," catatan ttg jalannya pemerintahan dlm jelang th jokowi ditinggal rakyat ",0,"Netral"
"678",678," pemerintahan jokowihidup sulitmungkin kena phk",0,"Netral"
"679",679," setuju pakpemimpin yg butuhkan skrg hrs punyai modalyakni jam terbang yg dlm pemerintahanbpk beruntung pembantu yg pandai menganalisa gesitterutama panglima menata keuanganbu sri mulyani srikandi yg ",0,"Netral"
"680",680," etika politik pemerintahan mengandung misi pejabat elit politik bersikap jujur amanah sportif melayani berjiwa memilih keteladanan rendah hati mundur jabatan politik tolong taat presiden jkw ",0,"Netral"
"681",681," etika politik pemerintahan mengandung misi pejabat elit politik bersikap jujur amanah sportif melayani berjiwa memiliki keteladanan tontonan buruk generasi bangsa presiden tolong byk baca ",0,"Netral"
"682",682,"sbg pendukung jokowi gw dah aneh dgn yg beliau diluar urusan pemerintahan tp ya hak beliau sih untungnya sih dah gk bs dipilih ",0,"Netral"
"683",683,"sedulur jokowi tegak lurus mendukung mengawal pemerintahan joko widodo via ",0,"Netral"
"684",684," pemerintahan yg butuhkan kejujuran ",0,"Netral"
"685",685,"twit goblok jokowi presiden presiden indonesia cianjur indonesia urusan menang kalah pilpres tugas tanggung kepala negara pemerintahan uang cianjur gaji jokowi ",0,"Netral"
"686",686," lahir zaman harto dizaman habibie tp blm liat pemerintahan sebobrok yg diam meliat rakyatnya benci senang menikmati rakyat fitnah menghina ajaaib",0,"Netral"
"687",687,"sedulur jokowi tegak lurus mendukung mengawal pemerintahan jokowidodo ",0,"Netral"
"688",688," prediksi gus ubaid kode presiden jokowi surabaya presiden joko widodo sabtu menemui relawannya gbk via ",0,"Netral"
"689",689," ealah junjungannya disrempet langsung dran drun oalah bong bong cek noh org dibelakang jokowi yg gak posisi pemerintahan tp pengusaha",0,"Netral"
"690",690," harapan jokowi betulspy rakyat jgn dirugikan dgn pemerintahan yg ",0,"Netral"
"691",691," coba aja lihat twitr yg benci pemerintahan jokowi",0,"Netral"
"692",692,"kedekatan jokowi emosional erick thohir membuktikan kinerja bagus pemerintahan ",0,"Netral"
"693",693," kacung nya si megawati boneka nya si puan maharani cuih hina kali kau jokont bersumpah alquran menjabat presiden masyarakat sabang merauke menderita pemerintahan mu dukung oligarki buzzerrp",0,"Netral"
"694",694,"sedulur jokowi tegak lurus mendukung mengawal pemerintahan joko widodo ",0,"Netral"
"695",695," suudzon jokowi ga anaknya masuk pemerintahan ",0,"Netral"
"696",696," assalamualaikum mas gibranmo nanya nih mas gibran emang nya tdk periode memimpn pemerintahan rakyat msh bpk jokowi indonesia maju segani negara berkat kerja keras jokowi beserta jajarannya lom ditngglkn beliau ",1,"Positif"
"697",697," wajah pemerintahan wajah sampah negara ",0,"Netral"
"698",698," yg mengadu domba rakyat bos dlm sarana yg dibangun zaman pemerintahan utk pendukung jokowi adakah bantuan khusus utk pendukung maksudnya merangkul merangkul ",-1,"Negatif"
"699",699," petinggi pemerintahan lingkungan tnipolri muak kelakuan jokowi dkk hnya dongkol dlm hati berbuat apaapa mari berdoa semoga allah menghukum orang orang munafik",0,"Netral"
"700",700," gencar tebar sinyal dukungan demokrat jokowi tiru sby pemerintahan kedai pena ",0,"Netral"
"702",702," dibandingkan kekuasaan soeharto puluhan pemerintahan jokowi diunggulkan pembangunan infrastruktur menciptakan lapangan kerja swasembada beras tangguh disaat pandemi krisis ekonomi global ",0,"Netral"
"703",703," pemerintahan aneh ya cerita rakyat orang yg bercakap santai sopan santun jahat rencana tindakan",0,"Netral"
"704",704," wajah yg penuh kerutan krn hatinya sakit penuh kebencian pemerintahan jokowi ",0,"Netral"
"705",705," iya sih logika peralihan kekuasaan bersangkutan kestabilan politik ekonomi ya semoga warisan jokowi pemerintahan stabil sejalan visi misi yuh yuh ganjar wkwkw ganjar sgt patuh",0,"Netral"
"706",706," sy mengerti ujung pemerintahan pa periode presiden ri memikirkan rakyat maaf pa sy berdasar tesis presiden yg memikirkan rakyat berambut putih ",-1,"Negatif"
"707",707," kampanye anwar ibrahim puji puji kemajuan indonesia bawa pemerintahan jokowi",0,"Netral"
"709",709," dijabarin betapa dipujipuji nya ekonomi indonesia pemerintahan jokowi tuh dipidato ",0,"Netral"
"712",712,"menkeu sri mulyani indrawati belanja negara oktober mencapai rp triliun persen pagu belanja negara mendorong perekonomian pemerintahan jokowi gas pol pemulihan ekonomi ",0,"Netral"
"713",713,"kedekatan presiden emosional membuktikan kinerja bagus pemerintahan erick thohir berhasil mentransformasi perusahaanperusahaan bumn untung ",0,"Netral"
"715",715," anak kemarin sore kebanyakan ngomong mestinya lbh bijak menyikapi pemerintahan jokowi orang simpati nyinyir buktioalah gus gus geblek banget",0,"Netral"
"718",718," jokowi presiden kepala negara kepala pemerintahanbapak rakyat indonesia berharap beliau neutraltidak berposisi menjagokan salah calon roda pemerintahan dibiayai rakyat indonesia pajak",0,"Netral"
"719",719,"pemerintahan pakde jokowi cepat tanggap menanggulangi bencana alam ",0,"Netral"
"720",720," maling persekongkolan penguasa ya ditangkap jaman pemerintahan jokowi duh cerdas ",0,"Netral"
"721",721,"jokowi serius mimpi besarnya memindahkan pusat pemerintahan indonesia jakarta kalimantan timur ",0,"Netral"
"722",722," masyarakat suka mengakui keberhasilan pemerintahan presiden jokowi ",0,"Netral"
"723",723,"presiden jokowi kawasan inti pusat pemerintahan ikn diba ",0,"Netral"
"725",725,"pemerintahan jokowi watak brutal isu pengesahan rkuhp ",0,"Netral"
"730",730," selamat menikmati pemandangan yg menyakitkan pendukung pemerintahan yg sah kepemimpinan bpk jokowi seneng aja tuh drun",0,"Netral"
"731",731," kalo ane sh gpp ga masuk kerja berdampak luas cari alternatif jalan susah acara acara pemerintahan acara jokowi acara musik sampe kejalan parkirnya bikin macet gpp kalo libur kalo ane",0,"Netral"
"732",732,"jokowi gamau program yg udah susah payah gak dilanjutin pemerintahan deket ya ikn sisi jokowi jg gk keilangan power perpolitikan indonesia pasca lengser jokowi sdg poros politik parpol pasca ",0,"Netral"
"734",734," ya milih jokowi sebelunnya nganggap pemerintahan baik aja ngelihat kemarin penegakan hukum mandangnya objektif aja dianggap yg salah ",1,"Positif"
"735",735,"pemerintahan jokowi berhasil ktt g ",0,"Netral"
"736",736,"mantap dukung program pemerintahan presiden jokowi ",0,"Netral"
"737",737,"dukung program pemerintahan presiden jokowi ",0,"Netral"
"738",738,"dukung program pemerintahan presiden jokowi meningkatkan perekonomian nasional ",0,"Netral"
"741",741," sejarah mencatat oposisi tersontoloyo dimasa pemerintahan jokowi ",0,"Netral"
"743",743," rokok masyarakat sipil rapor merah pemerintahan jokowiamin ",0,"Netral"
"744",744," penghianat nkri dgn menebar hoax menerus jd kebenaran spt koloninya yg rerata minus nalarnya jg krn cuan sj kacung penebar hoax jilati pantat bohirnya hsrnya bangsa waspada framing hoax kpd pemerintahan jokowi",0,"Netral"
"745",745," suka jokowi pemerintahan jokowi bangga jokowi lihat hukum hancur",-1,"Negatif"
"746",746,"tuntunan junjungan melanggar aturan pemerintahan jokowi cq kemenpora hebattt ya dumpret ",0,"Netral"
"747",747," tuntunan junjungan melanggar aturan pemerintahan jokowi cq kemenpora ",0,"Netral"
"748",748," tolong sepakbola jaman pemerintahan gak stabil lo pejabat instansi dibawah disanksi garagara menpora kemarin jaman covid izinnya disusahin liga stop skrg gbk ",0,"Netral"
"749",749," memuji memuja jokowi lihat sambo kejaksaan menarik jaksa yg keras membongkar sambo sesuai pemerintahan jokowi kemarin polisi nya polisi bunuh ajudan kejaksaan nya yg ",0,"Netral"
"750",750,"gelora karno malaikat bersayap gbk putihkan rakyat pendukung pendukung setia mengawal presiden jokowi dlm menjalankan roda pemerintahan pesan kadrunista oposisi berani melengserkan presiden yg sah ",0,"Netral"
"753",753," relevanlah usung nama pendukung pemerintahan mengimbangi anomali politik sistem demokrasi mas butuh rel karir politiknya",0,"Netral"
"754",754," jokowi msh presiden orang yg takut kehilangan jabatanpekerjaan pemerintahan bumn sewa alias bayar orang seakan relawan jokowi utk gbksebentar jokowi ditinggalkan orang orang pdip bro disekeliling jokowi benalu bro",0,"Netral"
"755",755," era pemerintahan mu pake settingan rakyat goblok iq ketipu",0,"Netral"
"757",757,"pemerintah langgar aturan pemerintahan jokowi cq mekopora contoh teladan tuk kaum buzer blok ",0,"Netral"
"758",758,"menpora nya kicep jujungan nya udah ngerusan aturan pemerintahan nya jokowi buzer lol ",0,"Netral"
"759",759," pemerintahan jokowi kali naikan gaji asn tnipolri pensiunan inflasi ",0,"Netral"
"760",760,"jokowi kesempatan anak muda mengisi posisi strategis pemerintahan nopek keramat presiden rambut putih ganjar ",0,"Netral"
"761",761,"menko luhut kesal tumpahan minyak montara selesai pemerintahan jokowi ",0,"Netral"
"764",764,"genjot sdm anak bangsa jokowi kesempatan anak muda mengisi posisi strategis pemerintahan presiden jokowi foden southgate loona gakpo thanksgiving ",0,"Netral"
"768",768,"thanks jokowi pernyataan yg memikirkan rakyat kabinet pemerintahan orang kyai basuki krn rambutnya putih memikirkan rakyat yah mikirin ",-1,"Negatif"
"769",769," beliau menjabat poldasu sampe gapernah suka beliau sifat arogannya pro pemerintahan jokowi",0,"Netral"
"770",770," pemerintahan janjinya fahami kendala pemimpin dpt melaksanakan janji kampanye dianggap berhasil coba lihat brp kontener janjinya mangkrakini blom brakhir ",0,"Netral"
"771",771," akun muhammad saewad pembenci pemerintahan anwar hati ",0,"Netral"
"772",772," pasal tap mpr memerintahkan lembaga negara presiden memiliki etika shgg tdk seperi pemerintahan selamat itusaat tau keras sbb mrk rabun tuli perpanjangan ",0,"Netral"
"773",773," kyai maruf amin fungsinya wapres pendukung buzzer ahok ganjar jokowi bela matian pemerintahan jokowi maruf ",0,"Netral"
"774",774," jgn mengkarbit anis jd presidendgn cara menghina men jelekan pemerintahan jokowi",0,"Netral"
"775",775," klo lawan kandidat capres nya anis bkn jokowi lg knp utk mengkarbit anis jd presiden kadrun men jelekkan pemerintahan jokowiberarti ragu dgn kapasitas anis ",0,"Netral"
"776",776,"wkwkwk pendusta profesional berbayar licin pelintir fakta tutupi koruptor dibebaskan era rezim pemerintahan acakadut lupa skandal bansos bpjs asabri pelindo dll era rezim pro koruptor yg didukung mayoritas politikus busuk senayan hmm",0,"Netral"
"777",777," klo anis bamukmin tdk mengecam politik identitasapa lg dgn cara menjelek pemerintahan jokowi utk mencapai tujuan bs diprediksi polarisasi bertambah parah kedepan",0,"Netral"
"778",778," darat jokowi cianjur pastikan penanganan memadai presiden joko widodo jokowi bergerak kabupaten cianjur provinsi jawa barat korban gempa penanganan memadai ",0,"Netral"
"779",779," nempel pemerintahanjokowi sih nih orang dasar rai gedeg ",0,"Netral"
"780",780,"pemerintahan presiden jokowi gas poll pemulihan ekonomi upah minimum diharapkan menjaga daya beli ",0,"Netral"
"781",781," berbahaya kl parpol yg gak tau spt pemerintahan reshuffle bs mengcounter narasi terzolimi partai si brewok kecerdasan masyarakat sdh lbh dibandingkan drama terzolimi ala sby",1,"Positif"
"782",782," kepala pemerintahan mengkotak kotakanmalah memecahbelah tingkah narasinya sisa jabatanmestinya lbh fokus bekerjalunasi hutang negara bunganya doanglunasilah janji politiknyabencana bebagai kota menjijikan ",0,"Netral"
"783",783," berhatihatilah utk menjelekjelekkan pemerintahan jokowi biar dibenci rakyat mencintai bangsa ",-1,"Negatif"
"784",784," yg harap sekelompk partai keluarga politisi yg hebat pandai menyalahkan pemerintahan masyarakat butuh retorika butuh orang yg pandai butuh fakta",-1,"Negatif"
"785",785," emangnya paloh ngomong diuntungkan era pemerintahan jokowibiasalah berjasa gedein",0,"Netral"
"786",786," berpikirlah surya paloh sejalan dng pemerintahan jokowi tp capres berbeda berbeda belajarlah",0,"Netral"
"787",787," kalo yg ngomong orang pemerintah sekelas menteri mempertegas pemerintahan jokowi dibalik pdip beserta partai koalisinya dibawah kendali dikuasai mafia ",0,"Netral"
"788",788,"kau pandai pintar bicara sayang mental lo indonesia banget ",0,"Netral"
"789",789," ketidakadilan salahkan rakyat tdk suka pemerintahan ",0,"Netral"
"790",790,"tap mpr vi etika pemerintahan mengamanatkan mundur melanggar kaidah sistem nilai dianggap memenuhi amanah masyarakat bangsa negara tujuan tap mpr alarm berulang ",-1,"Negatif"
"791",791," presiden jokowi berdasarkan tap mpr nomor vimpr etika pemerintahan mengamanatkan penyelenggara negara mundur melanggar kaidah sistem nilai dianggap memenuhi amanah masyarakat bangsa negara ",-1,"Negatif"
"792",792," periode jokowi gagal memerintah negeri pemerintahan negeri melulu pembangunan fasilitas infrastruktur yg membangun peradaban penegakan hukum ",0,"Netral"
"794",794," percaya dgn pemerintahan skrg partai licik wkwkwk",0,"Netral"
"796",796," tau jokowi serius nihh mimpi besarnya memindahkan pusat pemerintahan indonesia jakarta kalimantan timur ",0,"Netral"
"797",797," yg terhitung aksi aksi kelompok berseberangan kaum intoleran berusaha merongrong pemerintahan jokowi aksi menutup menyegel rumah rumah ibadahpersekusi orang beribadah melarang pembangunan rumah ibadah masyarakat minoritas",-1,"Negatif"
"798",798," kirain yg niru kesempatan anwar membentuk kabinet pemerintahan ramping pemerintahan tolak gaji pm malaysia anwar ibrahim pangkas gaji menteri ",0,"Netral"
"799",799," ahli ekonomi ngak lurus menyudutkan pemerintahan presiden ri jokowi perburuan rentenya oligarki terganggu",0,"Netral"
"800",800," jokowi kepala pemerintahan presiden negarawan yg dgn membiarkan anak negeri berkompetisi memilih dipilih hak wni membenci kpda org contohlah sby",0,"Netral"
"801",801,"candi penataran dibangun kerajaan kediri tepatnya periode pemerintahan raja srengga abad ke tppjawatimur ",0,"Netral"
"802",802," komentar anies rasis bas edan gak yg baik hantam aja kerasss keturunan arab indonesia udah nge lunjak biarpun minoritas meng gonggong keras pemerintahan jokowi kitapun medsos serang ",0,"Netral"
"803",803," la nyalla mengumpan jokower menyambut sandiwara babak penambahan pemerintahan legislatif lembaga negara babak keempat pdip lenyap tangan trah sukarno sdh fhm kemana system mengatur pemimpin",0,"Netral"
"804",804,"pks tolak ikn pendukung pemerintahan jokowi pilih anies pemilu ",-1,"Negatif"
"805",805," negara menangani penanganan pandemi menyebut rakyat rindu pemerintahan era sby presiden jokowi dilemparkan ahy presiden jokowi nggak level beliau merespon ocehannya ahy",-1,"Negatif"
"806",806," presiden muncul kalo kuat keputusan presiden publik transparansi pemerintahankalo sembunyix bisax presiden disamakan dgn ",0,"Netral"
"808",808," benang merahnya nada imigran yaman tukang ngibul kadrun arab pesek nasdem demokrat pks didanai oligarki busuk golongan yg menjelekkan bikin hoax pemerintahan capres kuat nalar minus paham ",0,"Netral"
"810",810," hahahhahaha sadar nkri keburu bubar kalo anis jd presiden merdeka aja dijajah oknum pejabat korup hasil jerih payah pemerintahan pa jokowi dibikin mundur jaman soeharto indonesia maju",0,"Netral"
"811",811," lo otak udang masyarakat tau perbandingan pemerintahan jokowi nya ga yg mangkrak",0,"Netral"
"813",813," pemerintahan era bilang zalim lu tinggal nama drun",0,"Netral"
"814",814," sdh dicuci otak dgn kebencian terhdp pemerintahan jokowi contohnya skrg aja ga demo penolakan ruu perampasan aset koruptor",0,"Netral"
"815",815,"klo aq bilang hasil pemerintahan jokowi bani kadrun langsung ngebom pln udah surplus produksi pemerintah bagi ricecooker kpd pelanggan watt ",0,"Netral"
"816",816," nasdem dipecat koalisi pemerintahan presiden jokowi",0,"Netral"
"817",817," kalo jokowi uang rakyat maling pemerintahan jokowi korup byk umbar janji",0,"Netral"
"818",818,"jusuf kalla pemerintahan jokowi kebanyakan rapat ",0,"Netral"
"819",819," pengalaman mahfud pemerintahan jokowi",0,"Netral"
"820",820," gini msh ngumpulin relawan segitu gak pedenya kepala negara kepala pemerintahan hmpr taon lhoo",0,"Netral"
"821",821," mnurut perkira mafia aktif galak memakai hukum bentrok dgn hukum main kekuatan uang korupsi berlanjut marak stelah pemerintahan jokowi hrs berlanjut tongkat estafet nya jokowi",0,"Netral"
"822",822,"hmi kubu abdul muis demo jokowi jubir luhut ikuti ketum sah ",0,"Netral"
"823",823," klo diserang ya nyerang kubu amis jgn nyerang p jokowi krn lawannya baiknya kubu amis menampilkan gagasan yg lbh elegan klo sih slalu nyerang pemerintahan yg sah konyol tau",0,"Netral"
"824",824," iti bidang tanah disertifikasi pemerintahan presiden joko widodo sumber ",0,"Netral"
"825",825," wakil presiden kena pengaruh buzzer pake identitas maruf amin wakil presiden yg memainkan politik identitas buzzer ganjar ahok jokowi zaman pemerintahan buzzer biarkan kebal hukum paham ",0,"Netral"
"828",828," partai nasdem koalisi pemerintahan jokowi oposisi menyambut tawaran nasdem simak perdebatannya program eps nasib nasdem koalisi jokowi live kompastv malam pkl wib streaming ",0,"Netral"
"829",829," kalo gw wajarlah ai pejabat pemerintahan jkw blum ngesave nomor ai cuman nyuruh ajudan telpon",0,"Netral"
"830",830," menyerang jokowi tujuan rakyat percaya dgn pemerintah sah dgn harapan lbh jauhrakyat estafet pemerintahan dilanjutkan penerus yg sejalan dgn pemerintah sayangnya cara yg dipake jd blunder",-1,"Negatif"
"831",831," aset aset pemerintahan jokowi jokowi lahir digadai",0,"Netral"
"835",835,"oligarki mata jubir oligarki kolaborasi penguasa pengusaha sweet definisinya dampaknya manis orang pahit yg ",0,"Netral"
"838",838," lha anteknya orba yg dibayar unt mengacaukan pemerintahan jokowi",0,"Netral"
"841",841," perkara ramai dibicarakan diberitakan menyasar institusi polri kementerian pemerintahan jokowi disasar maksud",0,"Netral"
"844",844,"jokowi instruksikan jajarannya kebut pembangunan kawasan pemerintahan ikn keramat gitasav selamatkan remaja islam jepang oreo pm malaysia fajar kekuatan cianjur ",0,"Netral"
"845",845," penjahat terbesar negara teroris mafia hukum yg berlindung kursi pemerintahan memperjual belikan hukumdi negri kekuranggan orang pintartapi kekurang orang yg jujur beradap ",0,"Netral"
"848",848," setuju bangetkesejahteraan saudara indonesia timur prioritassemoga pemerintahan mengakselerasi pertumbuhan ekonomi signifikan berkelanjutan dipemerintahan ",0,"Netral"
"849",849," pemerintahan jokowi kerja bisanya bikin proyek ",0,"Netral"
"854",854,"bukti nyata kesuksesan keberhasilan pemerintahan presiden jokowi bawa perubahan indonesia maju ",0,"Netral"
"867",867,"nasdem abstain ruu ikn kode perlawanan pemerintahan jokowi ",0,"Netral"
"868",868,"pemerintahan presiden jokowi kerenn ",0,"Netral"
"869",869,"pemerintahan jokowi membawa kesejahteraan masyarakat indonesia ",0,"Netral"
"870",870,"pemerintahan jokowi terbaik ",0,"Netral"
"871",871," darat jokowi cianjur pastikan penanganan memadai lokasi ditinjau langsung rumah sakit daerah terdampak bencana posko pengungsian ",0,"Netral"
"872",872," terbukti rekam jejaknya nyata utk masyarakat ganjar pranowo diyakini utk melanjutkan pembangunan yg sdh dicapai era pemerintahan presiden jokowi membawa indonesia yg ",0,"Netral"
"873",873,"pembangunan kawasan inti pusat pemerintahan kipp wilayah b c kota negara ikn nusantara seiring perintah jokowi menteri pekerjaan perumahan rakyat pupr basuki hadimuljono mempercepat ",0,"Netral"
"874",874," pemerintahan jokowi pembangunan daerah perbatasan prioritas utama meratakan kesejahteraan masyarakat papua salah daerah prioritas infrastruktur ekonomi fokus pemerintah mewujudkan pemerataan ",0,"Netral"
"877",877,"keberhasilan pemerintahan presiden jokowi memajukan perekonomian indonesia terbukti kalimantan ",0,"Netral"
"880",880,"jokowi kawasan inti pusat pemerintahan ikn dibangnu richarlison nunez japan germany wacoal lgbt oreo jepang anya neymar keramat cianjur gitasav oyen jeddah argentina kabareskrim ",0,"Netral"
